username;date;retweets;favorites;text;geo;mentions;hashtags;id;permalink
;2016-06-25 22:09;2;1;"#ifGOTwasinHindi Tyrion Lanister would have been called chotu instead of the imp";;;#ifGOTwasinHindi;"746797447960272900";https://twitter.com/RimaMIshra2/status/746797447960272900
;2016-06-25 20:50;0;1;""That's what I do, I drink and I know things " #Tyrion Lanister my G";;;#Tyrion;"746777701822926848";https://twitter.com/rhianhollystone/status/746777701822926848
;2016-06-25 18:35;0;4;"Well anyway, today I got a Rey Funko! Pop and my mom got a Tyrion Lanister Funko! Pop.";;;;"746743645542490112";https://twitter.com/MHCalista/status/746743645542490112
;2016-06-25 16:47;0;0;"Jolie égalisation de Tyrion Lanister . #SUIPOL";;;#SUIPOL;"746716448337330177";https://twitter.com/BanniMatt/status/746716448337330177
;2016-06-25 16:06;1;1;"Shaqiri is what you get if you cross Tyrion Lanister and Hulk";;;;"746706073835311104";https://twitter.com/TheTXI/status/746706073835311104
;2016-06-25 04:22;0;0;"man yo 4'4 Tyrion Lanister lookin ah";;;;"746529010797117440";https://twitter.com/illumimike_/status/746529010797117440
;2016-06-25 00:01;0;0;"Scientists managed to manipulate DNA in order to mix Jon Snow and Tyrion Lanister in a single body. #GameofThrones pic.twitter.com/V993vrofwc";;;#GameofThrones;"746463167832854529";https://twitter.com/shortmagic/status/746463167832854529
;2016-06-24 22:05;0;2;"Tyrion Lanister is my favorite character in Game Of Thrones.";;;;"746434044460666881";https://twitter.com/yourstrulyANT/status/746434044460666881
;2016-06-24 21:23;0;0;"Mais le best c'est TYRION LANISTER !!!!!!!";;;;"746423406950817792";https://twitter.com/raphia59/status/746423406950817792
;2016-06-24 19:36;0;0;"Fotografiaron a Peter Dinklage mejor conocido como Tyrion Lanister de Game of Thrones y los trolls no se dejaron esperar... Game of Trolls";;;;"746396492965961728";https://twitter.com/FireDragonMedia/status/746396492965961728
;2016-06-24 17:28;0;1;"“Most famous dwarf in the world” - Tyrion Lanister You’re goddamn right";;;;"746364331898527744";https://twitter.com/JackReacts/status/746364331898527744
;2016-06-24 10:09;0;0;"Buenísimos estos fotomontajes que le han hecho Peter Dinklage ( Tyrion Lanister de Juego de tronos) http:// fb.me/CmKoFKHV";;;;"746253975800909826";https://twitter.com/Librosenfrases/status/746253975800909826
;2016-06-24 09:47;0;0;"Tyrion Lanister for PM.";;;;"746248269794254848";https://twitter.com/LeeHinett/status/746248269794254848
;2016-06-24 06:22;0;0;"eu sirvo aos stark's e ao tyrion lanister";;;;"746196839033012226";https://twitter.com/somerhaunting/status/746196839033012226
;2016-06-24 01:57;0;0;"El gran juego es aterrador. - Tyrion lanister";;;;"746130176963022848";https://twitter.com/2_Hache/status/746130176963022848
;2016-06-23 23:52;0;0;"a Lanister always pays his debts! #EUref #VoteRemain #GameofThrones #Tyrion";;;#EUref #VoteRemain #GameofThrones #Tyrion;"746098585045962752";https://twitter.com/maani_77/status/746098585045962752
;2016-06-23 22:25;1;1;"And the Lakers select..... Tyrion Lanister from the Casterly Rock. I'll be so pissed #GoT #NBADraft";;;#GoT #NBADraft;"746076772580528129";https://twitter.com/WheresA_A_Ron/status/746076772580528129
;2016-06-23 19:44;0;0;"Yo creo que a este gobierno no lo salva ni Tyrion Lanister";;;;"746036205372997632";https://twitter.com/luigistvs/status/746036205372997632
;2016-06-23 09:27;0;1;"#MuerteDeTronos Tyrion Lanister de cirrosis.";;;#MuerteDeTronos;"745880899640770560";https://twitter.com/isradlf/status/745880899640770560
;2016-06-23 05:08;0;0;"Una historia de amor como Tyrion Lanister ;)";;;;"745815842026196992";https://twitter.com/ShaGaFTW/status/745815842026196992
;2016-06-23 03:09;0;1;"Vinyl is great, and Richie Finestra looks like a giant Italian Tyrion Lanister who sometimes doesn't pay his debts. #BringBackVinyl #HBO";;;#BringBackVinyl #HBO;"745785852031209473";https://twitter.com/mikeymileos/status/745785852031209473
;2016-06-23 01:33;0;0;"Have you checked out the new listing? Tyrion Lanister :... -- http:// shop.planitplanetshop.com/products/tyrio n-lanister-game-of-thrones-bookmark …";;;;"745761765653348353";https://twitter.com/PlanItCarla/status/745761765653348353
;2016-06-23 00:42;0;1;"je lui ai dis que Tyrion Lanister était mieux que Sandor";;;;"745748726904389632";https://twitter.com/cityMangas/status/745748726904389632
;2016-06-22 19:56;0;1;"Once you've accepted your flaws, no one can use them against you.... #tyrionlanister .. :)";;;#tyrionlanister;"745676871078010880";https://twitter.com/moshiour_027/status/745676871078010880
;2016-06-22 19:24;0;0;"@JuegoDeTronosTM #ABJTronos Tyrion Lanister es el amo!!";;@JuegoDeTronosTM;#ABJTronos;"745668915213307904";https://twitter.com/SkyRenderx/status/745668915213307904
;2016-06-22 19:08;0;0;"#GameofThrones #TyrionLanister Minimalist #iPhone6S #Case White #iPhonecase check > http:// amzn.to/28UuqiC pic.twitter.com/bMg89DcqGn";;;#GameofThrones #TyrionLanister #iPhone6S #Case #iPhonecase;"745664768950870016";https://twitter.com/ThomasEldrin/status/745664768950870016
;2016-06-22 17:15;0;1;""A co do listów, to po co je palić? Pieśń już zaśpiewana, wino rozlane, a dziewka w ciąży." - Tyrion Lanister";;;;"745636362955685888";https://twitter.com/bananateenager/status/745636362955685888
;2016-06-22 17:07;1;1;"wise man say a great history made by great conversation. - Tyrion Lanister";;;;"745634421617786880";https://twitter.com/aserap93/status/745634421617786880
;2016-06-21 21:37;0;0;"I disagree its about the stark .... Its all rooted to the stark house and that tyrion Lanister";;;;"745339903458877445";https://twitter.com/_itzdilz/status/745339903458877445
;2016-06-21 19:01;0;1;"Looks like Tyrion Lanister to me!";;;;"745300530457624576";https://twitter.com/PavloStratovych/status/745300530457624576
;2016-06-21 17:03;0;2;"- Tyrion Lanister , ¿gusta una copita de vino? - Sí, gracias. - Daenerys";;;;"745270806805045248";https://twitter.com/mousetung/status/745270806805045248
;2016-06-21 06:45;88;52;"RIP Giants Of North Via Tyrion Lanister pic.twitter.com/ugLAQ3XB0t";;;;"745115518386864129";https://twitter.com/hitzdotfm/status/745115518386864129
;2016-06-21 05:59;0;1;"The Official Account Of Tyrion Lanister pic.twitter.com/JsSwPfCcTC";;;;"745103830493257733";https://twitter.com/TyrionIanister/status/745103830493257733
;2016-06-21 03:31;0;0;"Tyrion Lanister would know what to do.";;;;"745066637137580032";https://twitter.com/ShazamIAm/status/745066637137580032
;2016-06-21 02:51;0;1;"[Lexa and Tyrion informs her mother what as happened in Meereen since she as left.]";;;;"745056445222256641";https://twitter.com/Daener_Daughter/status/745056445222256641
;2016-06-21 00:38;0;0;"RT @rvsoo : Tyrion Lanister";;@rvsoo;;"745023016665374722";https://twitter.com/JhaelMaldonad0/status/745023016665374722
;2016-06-21 00:38;0;0;"Tyrion Lanister";;;;"745022919512776704";https://twitter.com/rvsoo/status/745022919512776704
;2016-06-21 00:23;0;1;"la defensa de Desembarco del Rey fue muerte y destrucción. Yo ahí iba con Stannis Baratheon. Asco a los Lanister . Menos Tyrion";;;;"745019149781467136";https://twitter.com/Barbara_Candia/status/745019149781467136
;2016-06-20 23:54;0;0;"Mine was when he played Tyrion Lanister in GOT https:// twitter.com/benbluenose79/ status/744979761341030400 …";;;;"745011930855804928";https://twitter.com/DaveAshton1961/status/745011930855804928
;2016-06-20 22:39;0;0;"Jack wilshire stands and walks like tyrion lanister";;;;"744993108329369600";https://twitter.com/redmatt76/status/744993108329369600
;2016-06-20 17:06;0;0;"#GameofThrones #TyrionLanister Quotes #iPhone6S #Case White #iPhonecase check > http:// amzn.to/201mcaz pic.twitter.com/CW30DCugIw";;;#GameofThrones #TyrionLanister #iPhone6S #Case #iPhonecase;"744909294609457152";https://twitter.com/ThomasEldrin/status/744909294609457152
;2016-06-20 16:31;0;0;"Mddr quand Sansa voulait se déshabillé pour coucher avec Tyrion Lanister le soir de leurs mariage ! Tyrion lui avait fait non de la tête";;;;"744900606423347200";https://twitter.com/DanzoDeLaRacine/status/744900606423347200
;2016-06-20 15:57;0;0;"Season 6 episode 9 Game of Thrones. Can't wait till next weeks episode now! #GoT #gameofthones #danerys #starks #Lanister #tyrionlanister";;;#GoT #gameofthones #danerys #starks #Lanister #tyrionlanister;"744892012877352964";https://twitter.com/PumpkinandEgg/status/744892012877352964
;2016-06-20 10:46;0;1;"Tyrion Lanister will always be my favorite in Game Of Thrones #GameOfThrones ...";;;#GameOfThrones;"744813670715162626";https://twitter.com/wadeweezy5/status/744813670715162626
;2016-06-20 07:03;0;0;"Mis personajes preferidos se reafirman: Jon Snow y Tyrion Lanister :) . Daenerys puede quedarse tijereteando pero que preste sus dragones ¬¬";;;;"744757512860221440";https://twitter.com/TristanHerth/status/744757512860221440
;2016-06-20 05:55;0;1;""You're in the great game now. And the great game is terrifying".- Tyrion Lanister #GameOfThrones #Truth ... http:// fb.me/7VWOZtwy9";;;#GameOfThrones #Truth;"744740388951384064";https://twitter.com/kijikmultimedia/status/744740388951384064
;2016-06-20 05:36;0;1;"DANY & TYRION FELXING SO HARD FUCK TWYIN LANISTER";;;;"744735657256333312";https://twitter.com/tylergreen426/status/744735657256333312
;2016-06-20 05:02;0;0;"Matar os Mestres foi ideia do Tyrion . Tática Lanister . #GoT";;;#GoT;"744727076926799873";https://twitter.com/luisacwolff/status/744727076926799873
;2016-06-20 04:50;0;0;"Hey @tarynillustrate really glad we don’t have a sibling relationship like Cersei and Tyrion Lanister #got";;@tarynillustrate;#got;"744723967127150592";https://twitter.com/AJisTweeting/status/744723967127150592
;2016-06-20 04:03;0;0;"E para terminar: "o grande jogo é aterrorizante" LANISTER , Tyrion , 2016. Até domingo que vem! #GameofThrones";;;#GameofThrones;"744712343033098240";https://twitter.com/mel_mdes/status/744712343033098240
;2016-06-20 03:43;0;0;"#GameOfThrones Daenerys to Tyrion : "WTF, Lanister ? I've been gone most a season, and I come back to THIS??";;;#GameOfThrones;"744707250665586688";https://twitter.com/jacksnowknows/status/744707250665586688
;2016-06-19 23:17;0;0;"لو العالم كله يبقى زي tyrion lanister صدقوني العالم هيبقى مكان افضل";;;;"744640370995265537";https://twitter.com/3abbodda/status/744640370995265537
;2016-06-19 22:44;0;0;"eliaamartell: A collection of known Reach Houses (requested by tyrion - lanister -the-half-man) https:// tmblr.co/Z4agdt288VrP8";;;;"744632009985757185";https://twitter.com/natashalestrade/status/744632009985757185
;2016-06-19 22:15;0;0;"@melodyJKT48 @adul @ucokbaba @ucil @onysyahrial @zakheus @dausmini @tyrionlanister https:// twitter.com/9GAG/status/74 4394334540267521 …";;@melodyJKT48 @adul @ucokbaba @ucil @onysyahrial @zakheus @dausmini @tyrionlanister;;"744624671857881088";https://twitter.com/mainterong/status/744624671857881088
;2016-06-19 21:58;0;0;"eso lo habeis copiado de Tyrion Lanister !!!";;;;"744620509598449664";https://twitter.com/IgnatusJReilly1/status/744620509598449664
;2016-06-19 19:48;0;0;"nah Tyrion Lanister il est vegan non ? (Désolé j'connais pas son nom irl)";;;;"744587786150354944";https://twitter.com/Santithur/status/744587786150354944
;2016-06-19 05:24;1;0;"jajaja tú estás lejos lejos de esa lista! Love u ! Que es eso de Tyrion ? Los que mandan son los Lanister 's";;;;"744370353229733888";https://twitter.com/AndreLambaz/status/744370353229733888
;2016-06-19 03:03;0;0;"Tyrion Lanister";;;;"744334652001812480";https://twitter.com/lemonade72/status/744334652001812480
;2016-06-19 02:47;0;0;"Tyrion he created dragons breath but I thought he used it all";;;;"744330751794155521";https://twitter.com/Clarke_lanister/status/744330751794155521
;2016-06-18 22:41;2;2;"La mere a tyrion lanister la https:// twitter.com/colonelrteenda /status/744264719842873344 …";;;;"744268783079067648";https://twitter.com/Naaba223/status/744268783079067648
;2016-06-18 21:52;0;2;"αυτο ειναι το ιδιο με το εξοχικο αλλα ο κρεοπωλης ειναι ο Tyrion Lanister ?";;;;"744256566442999808";https://twitter.com/kobis1970/status/744256566442999808
;2016-06-18 21:10;0;1;"Gandalf, Voldemort, Eddard Stark, Tyrion Lanister ,Magnus, Poirot, Will Traynor, James Carstais, Langdom, Daemon Black https:// twitter.com/booksaddict97/ status/744209565160476672 …";;;;"744246008834625537";https://twitter.com/Vero_bella_1/status/744246008834625537
;2016-06-18 16:42;0;0;"Sleep, Marry, Shit on : Jon snow, Tyrion Lanister , Grey worm";;;;"744178548949286912";https://twitter.com/lingamar/status/744178548949286912
;2016-06-18 01:30;0;0;"@vine He is happy like Tyrion Lanister";;@vine;;"743948991906222080";https://twitter.com/Buyungkiu/status/743948991906222080
;2016-06-17 20:16;0;0;"Il a changé Tyrion Lanister pic.twitter.com/qtiNaVjrG4";;;;"743869980182253568";https://twitter.com/Warsajeff_/status/743869980182253568
;2016-06-17 18:44;0;0;"Como cuando Shae traiciona a Tyrion Lanister";;;;"743846791502671873";https://twitter.com/Dann_Giron/status/743846791502671873
;2016-06-17 11:26;0;0;"You look like Tyrion Lanister https:// twitter.com/rileycurry/sta tus/741226222231949313 …";;;;"743736513058340864";https://twitter.com/Brokequan9378/status/743736513058340864
;2016-06-17 06:59;0;4;"Tyrion Lanister is my favorite. I wish I had a friend like him";;;;"743669498184511488";https://twitter.com/bloobart/status/743669498184511488
;2016-06-17 06:10;0;0;"Tyrion Lanister";;;;"743657017919733761";https://twitter.com/I_amSteady/status/743657017919733761
;2016-06-16 20:18;0;0;"The second character that I love the most in Game of Thrones, Tyrion Lanister . He drinks & he… https://www. instagram.com/p/BGuaMrGTJtq/";;;;"743508091019341824";https://twitter.com/FilmyLaunda/status/743508091019341824
;2016-06-16 17:52;0;0;"I love Tyrion Lanister !!";;;;"743471332403253249";https://twitter.com/girl_almighty05/status/743471332403253249
;2016-06-16 17:36;0;1;"@ramsd3n you look like Tyrion Lanister , my man #MeantToBeACompliment #FollowedYouBecausePK #WantedToTellYouThat4Years";;@ramsd3n;#MeantToBeACompliment #FollowedYouBecausePK #WantedToTellYouThat4Years;"743467411970523138";https://twitter.com/nieto_nms/status/743467411970523138
;2016-06-16 14:03;0;1;"My favorite character so far in Game of Thrones is Tyrion Lanister .";;;;"743413774015561728";https://twitter.com/legendaryjerome/status/743413774015561728
;2016-06-16 11:03;0;0;"He'll just look more like Tyrion Lanister the dwarf from GoT https:// twitter.com/__Mdu/status/7 43363003505008640 …";;;;"743368346536554496";https://twitter.com/Melmellg/status/743368346536554496
;2016-06-16 02:13;0;0;"I dread the day Tyrion Lanister will be killed";;;;"743234961155694592";https://twitter.com/davidoduro/status/743234961155694592
;2016-06-15 23:34;0;0;"@celilnalcakan tyrion lanister gibisin dedem herkes ölüyor bi sen sag ciktin heeee";;@celilnalcakan;;"743195071416307712";https://twitter.com/_virvirvir_/status/743195071416307712
;2016-06-15 18:26;0;0;"@Cyrilhanouna je savais pas que Tyrion Lanister était dans TPMP";;@Cyrilhanouna;;"743117437789470721";https://twitter.com/Nekeeed/status/743117437789470721
;2016-06-15 12:32;0;0;"Soy taaaaaan fan de tyrion Lanister";;;;"743028377532157952";https://twitter.com/lamarca1427/status/743028377532157952
;2016-06-15 04:34;0;0;"No quiero que ganen los Lanister pero no quiero que pierda Tyrion , no que gane Stannis pero que gane Robb (?) KHÉ";;;;"742908184608833536";https://twitter.com/Marulanda_19/status/742908184608833536
;2016-06-15 03:40;0;1;"es tyrion lanister";;;;"742894551812149248";https://twitter.com/fabularcierto/status/742894551812149248
;2016-06-15 00:34;0;8;"Perfect birthday cake.My friends made my day #GameofThrones #tyrionlanister @PeterDinklageHQ cheers frm pakistan pic.twitter.com/fSne7FPw9h";;@PeterDinklageHQ;#GameofThrones #tyrionlanister;"742847674836258816";https://twitter.com/sherishah72/status/742847674836258816
;2016-06-14 21:05;0;0;"no i'd prefer a strategy game with tyrion lanister , you make moves alliances and control cities with dialogue w kda";;;;"742795043065462784";https://twitter.com/H_Koush/status/742795043065462784
;2016-06-14 19:03;2;0;"Tyrion is lowkey not a Lanister . Jon Snow lowkey isn't Ned Starks son";;;;"742764486189273088";https://twitter.com/Abdxllah_/status/742764486189273088
;2016-06-14 18:24;0;0;"#GameOfThrones #GoT #TyrionLanister https://www. instagram.com/p/BGpDhIPShJo/";;;#GameOfThrones #GoT #TyrionLanister;"742754527015751680";https://twitter.com/_nandissima/status/742754527015751680
;2016-06-14 15:30;5;3;"Tyrion : tell me a joke Me: yeah but its short.. Tyrion : Lanister h tere pr ja mar";;;;"742710892513656832";https://twitter.com/Soundhumor/status/742710892513656832
;2016-06-14 14:56;0;1;"C'est Tyrion Lanister qui a pris la photo ?!";;;;"742702326054563840";https://twitter.com/Sebmellia/status/742702326054563840
;2016-06-14 07:26;0;0;"Is it bad that I wanted Tyrion Lanister to die? #GoT";;;#GoT;"742589085571682305";https://twitter.com/gueriera/status/742589085571682305
;2016-06-14 06:23;0;0;"I drink, & I know things. — Tyrion Lanister";;;;"742573064798359552";https://twitter.com/browniemike/status/742573064798359552
;2016-06-14 01:09;0;0;"I'm gonna fight tyrion lanister oh my god";;;;"742494022099435520";https://twitter.com/chadfuture_/status/742494022099435520
;2016-06-14 00:13;0;0;"La daronne de baban elle parle de lui comme taywin lanister parlait de tyrion";;;;"742480150558871552";https://twitter.com/luffysensei/status/742480150558871552
;2016-06-13 18:28;0;0;"yeah my favorite characters are all still alive!!! John Snow, Tyrion Lanister , Mother of Dragons";;;;"742393206625574912";https://twitter.com/JohnAndrewDoe23/status/742393206625574912
;2016-06-13 10:12;0;1;"Atención, Tyrion Lanister es parritas.";;;;"742268407471591424";https://twitter.com/Maelagon/status/742268407471591424
;2016-06-13 06:13;1;2;"Son. Arya Stark and Tyrion Lanister are my favorite characters.";;;;"742208173281529856";https://twitter.com/JOEY_SKRILLA_/status/742208173281529856
;2016-06-13 05:41;0;2;"So far im on season 4 & the only lanister i can stand is tyrion tyrions actually pretty dope lol";;;;"742200201201340416";https://twitter.com/EldreezyStoops/status/742200201201340416
;2016-06-13 01:53;0;0;"ههههههه لا هذا Tyrion Lanister بكيم اوف ثرونز هههههه";;;;"742142817481465856";https://twitter.com/ZainEAlMossawy/status/742142817481465856
;2016-06-12 00:17;0;0;"Joyeux anniversaire a mon pote tyrion lanister";;;;"741756379451527168";https://twitter.com/emmanuel_levyD/status/741756379451527168
;2016-06-11 18:05;0;0;"Feliz día del nombre #PeterDinklage #TyrionLanister #GOT #BookLovers https://www. instagram.com/p/BGhS9xwj5Fpx Rg4O28bYOUaCWvhDIdKPdlKZdw0/ …";;;#PeterDinklage #TyrionLanister #GOT #BookLovers;"741662600644042752";https://twitter.com/AlgoPorLibros/status/741662600644042752
;2016-06-11 13:44;0;1;"Happy Birthday Tyrion Lanister";;;;"741597083573030912";https://twitter.com/GameofThroner1/status/741597083573030912
;2016-06-11 08:47;0;0;"Tyrion Lanister ! Hahaha";;;;"741522212365074432";https://twitter.com/SantosDonnieG/status/741522212365074432
;2016-06-11 00:06;0;0;"mi favorito es tyrion lanister";;;;"741390992545357824";https://twitter.com/chechipineda1/status/741390992545357824
;2016-06-10 22:03;0;2;"No es fácil estar borracho todo el rato. Todo el mundo lo haría si lo fuera. - Tyrion Lanister";;;;"741360107414507521";https://twitter.com/CrisNavarro97/status/741360107414507521
;2016-06-10 16:35;1;0;"A mind needs a book like a sword needs a whetstone, if its to keep its edge. - Tyrion Lanister , I think";;;;"741277672915881987";https://twitter.com/SWUGjuice/status/741277672915881987
;2016-06-10 14:26;0;0;"tyrion lanister";;;;"741245238551928833";https://twitter.com/sixtb00st/status/741245238551928833
;2016-06-10 14:23;1;1;"ELECTRIK ZONE 004 http:// bit.ly/ElectrikZone004 Tyrion Lanister lo sabe @BeatsnSounds pic.twitter.com/qFYkbdaS6W";;@BeatsnSounds;;"741244323019120640";https://twitter.com/djxander14/status/741244323019120640
;2016-06-10 09:21;0;0;"One of my favorite characters from the #besttvshow Tyrion Lanister of gameofthrones He might be… https://www. instagram.com/p/BGdyLFntzlJ/";;;#besttvshow;"741168273601990656";https://twitter.com/Yzavela_/status/741168273601990656
;2016-06-10 01:22;1;2;"Cuando no te das cuenta de que eres Tyrion Lanister tocando el bajo... pic.twitter.com/UdzLnXqB95";;;;"741047734275321856";https://twitter.com/juanperera93/status/741047734275321856
;2016-06-09 21:24;0;0;"Design ya tyrion lanister https:// twitter.com/masaku_/status /740902123878158336 …";;;;"740987957625126912";https://twitter.com/ptahfrank64/status/740987957625126912
;2016-06-08 09:34;0;0;"Mosquitos que te pican en el dedo chico del pie... Y claro, tú con tu alergia a las picaduras parece que tienes ahí a Tyrion Lanister";;;;"740446830597705728";https://twitter.com/mjromerof/status/740446830597705728
;2016-06-07 22:08;0;0;"Tyrion Lanister & Ghost are the best characters in television.";;;;"740274213429252096";https://twitter.com/moses_davion/status/740274213429252096
;2016-06-07 18:44;0;0;"Hasta Tyrion Lanister viene a Portoviejo, aunque un poco crecido. pic.twitter.com/gscsMpebtH";;;;"740222947479162880";https://twitter.com/fidelintriago/status/740222947479162880
;2016-06-07 07:39;0;1;"I m the Tyrion Lanister ofnthe parrellel univers";;;;"740055643084574721";https://twitter.com/AmrithOsindu/status/740055643084574721
;2016-06-07 03:59;0;0;"Sure, Dragons and white walkers are fun, but I'd be cool just watching Tyrion Lanister all day.";;;;"740000226908348416";https://twitter.com/gordonrox24/status/740000226908348416
;2016-06-07 03:00;0;0;"We make peace with our enemies, not our friends.  - Tyrion Lanister http:// ift.tt/1PC9HBM";;;;"739985389138628608";https://twitter.com/alialhasan007/status/739985389138628608
;2016-06-07 00:54;0;0;"@Naiipee Il est juste un peu plus grand que Tyrion Lanister";;@Naiipee;;"739953733853929476";https://twitter.com/ideuxzedigrec/status/739953733853929476
;2016-06-06 22:09;0;0;"Tyrion Lanister looks like the Hound but his mum shrunk him in the wash #GameofThrones";;;#GameofThrones;"739912129151664133";https://twitter.com/JMaccaSG8/status/739912129151664133
;2016-06-06 18:42;1;0;"Tyrion lanister ... U knw wah i mean https:// twitter.com/just__fadhul/s tatus/739859833332113409 …";;;;"739860050093690880";https://twitter.com/itz_Hussaiin/status/739860050093690880
;2016-06-06 15:32;0;0;"Me doy cuenta que @Rubiu5 es como Tyrion Lanister , le echan la culpa de lo que no ha hecho.";;@Rubiu5;;"739812151024582657";https://twitter.com/Skadhy/status/739812151024582657
;2016-06-06 13:25;0;3;"Tyrion Lanister Is absent From Last 2 Episode This Is The First Time This Has Happened In GOT History @GoT_ Tyrion @LordSnow @SRKswarrior1";;@GoT_ @LordSnow @SRKswarrior1;;"739780187160727553";https://twitter.com/SRKfcgujrat/status/739780187160727553
;2016-06-06 03:22;1;0;"Bronn been hearing the Lanister bullshit since Tyrion";;;;"739628578803986432";https://twitter.com/JordyLamb/status/739628578803986432
;2016-06-06 02:03;0;0;"I love me some Tyrion Lanister .";;;;"739608648255578112";https://twitter.com/HeatherGois/status/739608648255578112
;2016-06-05 22:04;0;0;"Tyrion Lanister SAVAGE DOGGG";;;;"739548435330793472";https://twitter.com/Cant_Miss_Chris/status/739548435330793472
;2016-06-05 21:14;1;0;"I Drink and I know Things That's What I Do #GameofThrones #TyrionLanister #TShirt pic.twitter.com/8J7br2zEgk";;;#GameofThrones #TyrionLanister #TShirt;"739535999672279040";https://twitter.com/Mach5Central/status/739535999672279040
;2016-06-04 15:23;0;0;"tyrion is about to give a lot of power to a religous zaelot? didn't a lanister try that already in westeros?";;;;"739085074600169473";https://twitter.com/bchaudcarr/status/739085074600169473
;2016-06-03 21:09;0;0;"TYRION LANISTER IS THE REALEST OG ON THESE STREETS";;;;"738809818744492032";https://twitter.com/Mac10zo/status/738809818744492032
;2016-06-03 18:52;1;3;"@Thomasravenel @Pataltschul @cameraneubanks Tyrion Lanister will rule the world with his intellect & insight!";;@Thomasravenel @Pataltschul @cameraneubanks;;"738775459194765312";https://twitter.com/punkmM/status/738775459194765312
;2016-06-03 13:32;0;0;"more like money short like Tyrion Lanister";;;;"738694863017943041";https://twitter.com/JayAndreas/status/738694863017943041
;2016-06-02 09:41;0;0;"tyrion lanister RT @Ramgeedavis : Once you've accepted your flaws positively.No one else can use them against you.";;@Ramgeedavis;;"738274414853128192";https://twitter.com/chrischecho/status/738274414853128192
;2016-06-02 09:19;0;0;"La muerte es tan...definitiva! Mientras que la vida esta llena de posibilidades. #TyrionLanister";;;#TyrionLanister;"738268764303675392";https://twitter.com/PaTorradet/status/738268764303675392
;2016-06-02 09:04;0;0;"where is the god of tits and wine?- Tyrion Lanister";;;;"738265041418346496";https://twitter.com/Dylan_66/status/738265041418346496
;2016-06-02 07:29;0;0;"Game Of Thrones Inspired Tyrion Lanister It’s Not Easy Being Dru Woman’s Tank Top https:// teeplanets.wordpress.com/2016/06/02/gam e-of-thrones-inspired-tyrion-lanister-its-not-easy-being-dru-womans-tank-top … pic.twitter.com/7sSzna0isf";;;;"738241144635543552";https://twitter.com/teeplanets/status/738241144635543552
;2016-06-02 00:14;0;0;"ei mestre!! Que aqui a Catalunya tb he vist pixaners model Tyrion Lanister pq la mainada pixi sense problemes!!! @margarit1959";;@margarit1959;;"738131621715410944";https://twitter.com/sisoboada/status/738131621715410944
;2016-06-01 20:22;0;1;"Lord tyrion Of the House Lanister king of meeren and protector Of THE kingdom ?";;;;"738073195618664452";https://twitter.com/JonNeigee/status/738073195618664452
;2016-06-01 16:07;0;0;""Never forget what you are. The rest of the world will not. Wear it like armor, and it can never be used to hurt you". - Tyrion Lanister";;;;"738009122382061568";https://twitter.com/DarrenJadman/status/738009122382061568
;2016-06-01 13:59;0;0;"Rebecca barely spoke because her acting reach goes as far as Tyrion Lanister 's arms. She can't do a standalone movie.";;;;"737976848370524161";https://twitter.com/toby_kun/status/737976848370524161
;2016-06-01 06:41;0;0;"When Tyrion Lanister demanded a trial by combat during his trial for the murder of Joffery pic.twitter.com/QTkztNmxKm";;;;"737866522018885633";https://twitter.com/ShekinahRagland/status/737866522018885633
;2016-06-01 04:15;0;3;"I love Tyrion but the rest of the Lanister 's seriously suck ass.";;;;"737829846815014913";https://twitter.com/El__Chombo/status/737829846815014913
;2016-06-01 03:40;0;0;"If Szczensy and Peter Dinklage ( Tyrion Lanister from Game of Thrones) had a child, that would be it. #LookalikeWednesday";;;#LookalikeWednesday;"737821167214579712";https://twitter.com/TheBowMonster/status/737821167214579712
;2016-06-01 01:46;0;0;"Valbuena ou tyrion lanister ces un gros pd";;;;"737792354623590400";https://twitter.com/DoumamsBlv/status/737792354623590400
;2016-05-31 18:51;0;1;"Tyrion lanister said this https:// twitter.com/sohail_asad22/ status/737687740767166464 …";;;;"737687957835026432";https://twitter.com/harisiltaf/status/737687957835026432
;2016-05-31 16:27;0;0;"#JonSnow #TyrionLanister";;;#JonSnow #TyrionLanister;"737651846144200704";https://twitter.com/Msuleimaan/status/737651846144200704
;2016-05-31 13:06;0;0;"Oh my gosh Tyrion Lanister and Stewie Griffin are based off each other. So many similarities.";;;;"737601254696706048";https://twitter.com/paigey_waigey95/status/737601254696706048
;2016-05-31 08:35;0;0;"a wise man once said you make peace with your enemies not your friend...... tyrion lanister";;;;"737532955128565761";https://twitter.com/chrischecho/status/737532955128565761
;2016-05-31 07:44;1;16;"the light from within threw his shadow across the yard and just for a moment tyrion lanister stood as tall as a king pic.twitter.com/IKQexw4J5u";;;;"737520185863589888";https://twitter.com/khalid10mofawaz/status/737520185863589888
;2016-05-30 23:10;0;1;"Amonos, se acabaron las violaciones. Bien hecho version mexa y poco inteligente de Tyrion Lanister https:// twitter.com/ElPitoDeMancer a/status/737048046412824576 …";;;;"737390778821967872";https://twitter.com/SundanceKidMX/status/737390778821967872
;2016-05-30 22:34;0;2;""That's what I do, I drink and I know things" - Tyrion Lanister";;;;"737381672035966976";https://twitter.com/ZThaDirty/status/737381672035966976
;2016-05-30 16:54;0;0;"seriously? In a TV series where tyrion lanister is the most important characters? Facedown face palm has new meaning now";;;;"737296007789170689";https://twitter.com/aloosamosachat/status/737296007789170689
;2016-05-30 06:14;0;0;"he ahi el padre de Tyrion Lanister";;;;"737135165957410816";https://twitter.com/luselly_bh/status/737135165957410816
;2016-05-30 04:31;0;1;"'Ator q interpreta Tyrion Lanister ? R: Leonardo Dicaprio' kkkkkkkk #PanicoNaBand";;;#PanicoNaBand;"737109173125668864";https://twitter.com/waltherlyra/status/737109173125668864
;2016-05-30 04:03;0;0;"Acá casual, tomando vinito con Tyrion Lanister";;;;"737102154671005696";https://twitter.com/mmatad/status/737102154671005696
;2016-05-30 03:43;0;8;"A Song of Ice and Fire. It's a book series in which Tyrion Lanister plays a hard boiled detective in Boston.";;;;"737097160169295873";https://twitter.com/NakedGambling/status/737097160169295873
;2016-05-30 00:19;0;0;"Bill Shorten has a head like Tyrion Lanister . Did his mum have Zika?";;;;"737045748450086916";https://twitter.com/Polariser2016/status/737045748450086916
;2016-05-29 22:25;1;3;"ich muss sagen den einzigen lanister den ich mag ist tyrion";;;;"737017071998009346";https://twitter.com/Margock321/status/737017071998009346
;2016-05-29 21:21;0;0;"je suis entre la vengeance de cercei et la vengeance de jon snow ;) et de voir la tronche des lanister au retour de tyrion";;;;"737000948141305856";https://twitter.com/GawelStark/status/737000948141305856
;2016-05-29 21:04;0;1;"Tyrion Lanister is badass #GameofThrones";;;#GameofThrones;"736996739572367360";https://twitter.com/tabatha_leanne/status/736996739572367360
;2016-05-29 18:18;0;0;"@iamtenseven Maybe we will rent her Tyrion Lanister from Game of thrones. She will vote that over a stone I guess.";;@iamtenseven;;"736954847036071937";https://twitter.com/jossyeyo/status/736954847036071937
;2016-05-29 17:36;0;0;"On dirait Tyrion Lanister https:// twitter.com/le_bourbier/st atus/666664132289150976 …";;;;"736944269374656512";https://twitter.com/Eldamdu87/status/736944269374656512
;2016-05-29 14:58;0;0;"When Tyrion lanister quoted a wise man's words, when asked who said that, " I just did " . G.O.A.T yule";;;;"736904437042667520";https://twitter.com/BrianKuria_/status/736904437042667520
;2016-05-29 08:48;1;1;"Tyrion is the only Lanister I kinda fuck with #GameofThrones";;;#GameofThrones;"736811460328718336";https://twitter.com/nahtiqueee_/status/736811460328718336
;2016-05-29 03:09;0;0;"The Day wil come when your joy turn to ashes in your mouth, that day you'll know the debt is payd #Tyrion #Lanister #GoT #quotes #boring";;;#Tyrion #Lanister #GoT #quotes #boring;"736726178552250369";https://twitter.com/AngelSS95/status/736726178552250369
;2016-05-29 01:47;0;0;"That's what I do. I drink and I know things. - Tyrion Lanister #GameofThrones #GOT";;;#GameofThrones #GOT;"736705609068748800";https://twitter.com/casalazar714/status/736705609068748800
;2016-05-29 01:00;0;1;"oue ok tyrion lanister";;;;"736693711191592960";https://twitter.com/Shinigamis5/status/736693711191592960
;2016-05-29 00:04;0;0;"Tyrion _ Lanister vs travonm - Live Chess https://www. chess.com/livechess/game ?id=1595903746 … via @chesscom";;@chesscom;;"736679518832852992";https://twitter.com/mrdarnell2u/status/736679518832852992
;2016-05-28 22:11;0;0;"behave yourself ok ... See in height like Tyrion lanister";;;;"736651166822637568";https://twitter.com/deezydj_/status/736651166822637568
;2016-05-28 15:21;0;0;"Vuelvo al mundo serie y específicamente a las teorías #GameofThrones - Tyrion lanister puede que no sea un lanister";;;#GameofThrones;"736547934104326144";https://twitter.com/DaniStarkgaryen/status/736547934104326144
;2016-05-28 11:21;0;0;"Tyrion Lanister";;;;"736487520309911556";https://twitter.com/gnujnike/status/736487520309911556
;2016-05-28 07:50;0;0;"What will the King of the North do now against the yellow walkers? I wish Tyrion Lanister could've been there to be your dad'";;;;"736434430580002816";https://twitter.com/jesse182712/status/736434430580002816
;2016-05-28 06:51;0;0;"I'm here to help. Don't eat the help - Tyrion Lanister";;;;"736419688704413696";https://twitter.com/adijohan95/status/736419688704413696
;2016-05-28 06:35;0;0;"Tyrion . Lanister ...";;;;"736415500071276544";https://twitter.com/iam_Rawlings/status/736415500071276544
;2016-05-28 03:36;0;0;"“La paz siempre se hace con los enemigos, nunca con los amigos”, - Tyrion Lanister #GoT";;;#GoT;"736370601129050113";https://twitter.com/illatwit/status/736370601129050113
;2016-05-27 22:55;0;1;"Gonna drink like Tyrion Lanister tonight and start season 2 tomorrow.";;;;"736299934912221185";https://twitter.com/nagaflexa/status/736299934912221185
;2016-05-27 22:17;1;1;"Mes personnages préférés de Warcraft c'est Tyrion Lanister , Ragnar Lodbrok et Saruman.";;;;"736290128893644801";https://twitter.com/gasolineweirdo/status/736290128893644801
;2016-05-27 16:36;0;0;"The history of the world is made of great conversations in elegant rooms. Tyrion Lanister (Game of Thrones)";;;;"736204438596165632";https://twitter.com/EltonBila2/status/736204438596165632
;2016-05-27 15:06;0;0;"Tyrion Lanister harus banget ngerasain naek commuter di Jakarta jam berangkat atau pulang kerja";;;;"736181803099119618";https://twitter.com/hannisatw/status/736181803099119618
;2016-05-27 11:00;0;0;"Happy my new T #idrinkandiknowthings #got #tyrionlanister gameofthronesnotofficial… https://www. instagram.com/p/BF56YgoDX2u/";;;#idrinkandiknowthings #got #tyrionlanister;"736119779191324672";https://twitter.com/DeadPoetWalking/status/736119779191324672
;2016-05-27 10:16;0;1;"A4. Tyrion Lanister coz you really can't spell PIMP without IMP A straight goon and a wise man, I love him. #GameOfHighs";;;#GameOfHighs;"736108809542766595";https://twitter.com/snehalataj/status/736108809542766595
;2016-05-27 00:50;0;0;"According to my Game of Thrones survivability equation I developed Tyrion Lanister has a 35% chance of dying.";;;;"735966254385799169";https://twitter.com/Jwine05/status/735966254385799169
;2016-05-26 22:37;0;0;"Tyrion Lanister should be dead as fuck. 10 times over. He's got a halo.";;;;"735932788868681728";https://twitter.com/BrentlyNW/status/735932788868681728
;2016-05-26 16:55;0;2;"It will be like Tha Mountain (Sanders) vs Tyrion Lanister (Donnie boy) Squashed like a grape #BernieTrumpDebate";;;#BernieTrumpDebate;"735846728310661123";https://twitter.com/MarshallSbar/status/735846728310661123
;2016-05-26 15:31;0;0;"my nigga tyrion lanister @Amadouloum";;@Amadouloum;;"735825678084517889";https://twitter.com/iamsouley/status/735825678084517889
;2016-05-26 06:17;0;0;"Rhaegar + Lyanna = Jon + Meera. That should have said t=J+WHO . Aeris Targaryen + Joanna Lanister = Tyrion";;;;"735686292680253440";https://twitter.com/MisaRoo/status/735686292680253440
;2016-05-26 04:32;0;0;"If I can call you tyrion lanister https:// twitter.com/LinZeeNoLohan/ status/735659589199405057 …";;;;"735659755578871808";https://twitter.com/RangeKeepRoving/status/735659755578871808
;2016-05-26 01:50;0;0;"I bet George Smiley and Tyrion Lanister are shitting themselves.";;;;"735619185728978944";https://twitter.com/DogBeard74/status/735619185728978944
;2016-05-25 23:57;1;0;"Tyrion Lanister y Daeneris Targarian son dos personajes extremadamente bien desarrollados en GoT. Les adoro. pic.twitter.com/qywsnn31RH";;;;"735590536954974208";https://twitter.com/IgnacioSeverino/status/735590536954974208
;2016-05-25 21:09;0;0;"only other not obvious Targ is Tyrion cause the mad King had the hots for his mum Joanna Lanister";;;;"735548370819895297";https://twitter.com/PrimeTimePan/status/735548370819895297
;2016-05-25 15:44;1;0;"Tyrion Lanister from Game of Thrones, though physically they're poles apart but character wise imo https:// twitter.com/17Ananas/statu s/735461869545267201 …";;;;"735466603672805377";https://twitter.com/woojisshi/status/735466603672805377
;2016-05-25 08:11;0;0;"hombree, Tyrion o Jaime Lanister han cambiado muchisímo";;;;"735352590238679040";https://twitter.com/realemadrid5/status/735352590238679040
;2016-05-25 01:33;0;0;"#gameofthronestour Game Of Thrones Inspired Tyrion Lanister The God Of Wine T ... http:// winterfellshop.com/products/game- of-thrones-inspired-tyrion-lanister-the-god-of-wine-t-shirt-tshirt-tee-shirt-unisex-basic-shirt-tops-f10474-2/ … pic.twitter.com/GXzlOKtwz7";;;#gameofthronestour;"735252412408139780";https://twitter.com/winterfellshop/status/735252412408139780
;2016-05-24 17:25;0;0;"@YouthKiAwaaz who s Tyrion lanister ?????";;@YouthKiAwaaz;;"735129494990651393";https://twitter.com/tkselvan/status/735129494990651393
;2016-05-24 15:43;1;2;"@Leianath @LadyUnknown_ @Daemon_Targy @carlospastor29 tyrion lanister ,daenerys d la tormenta y jon snow";;@Leianath @LadyUnknown_ @Daemon_Targy @carlospastor29;;"735103966460137472";https://twitter.com/AnabelensfB/status/735103966460137472
;2016-05-24 00:46;2;3;"Cuando eres Tyrion Lanister , investigas con mutantes y viene Katniss pintarrajeada de azul para disimular y te mata. #XMenDaysOfFuturePast";;;#XMenDaysOfFuturePast;"734878183166726144";https://twitter.com/Httwang/status/734878183166726144
;2016-05-23 22:03;0;0;"and a Lanister always pays his debts ...... Which reminds me, you have a look of Tyrion pic.twitter.com/7ktKjDNJBu";;;;"734837067998453762";https://twitter.com/Superkeeper/status/734837067998453762
;2016-05-23 22:02;0;0;"Could Tyrion Lanister be any shitter? And that baldy cunt as well. Bore off and die u boring fuckers #GoT";;;#GoT;"734836932430180352";https://twitter.com/PrettyBoySnowy/status/734836932430180352
;2016-05-23 19:17;0;0;"Tyrion Lanister is yet to bed a woman ever since he's been accused of killing dat mumu boy (king). Baba ti change. Afi oti yi sha.";;;;"734795334359101446";https://twitter.com/ugly4real/status/734795334359101446
;2016-05-23 14:50;0;0;""Never forget what you are. Armor yourself in it, and it will never be used to hurt you." #GameofThrones #TyrionLanister";;;#GameofThrones #TyrionLanister;"734728129537708033";https://twitter.com/Mew_Meerada/status/734728129537708033
;2016-05-23 13:13;0;0;"Tyrion lanister il meurt dans GOT #GameofThrones #Got";;;#GameofThrones #Got;"734703894446678016";https://twitter.com/SamiVaBien/status/734703894446678016
;2016-05-23 13:08;0;0;"#gameofthrones #got #asoiaf #tyrion #lanister https://www. instagram.com/p/BFv13y8MXmA/";;;#gameofthrones #got #asoiaf #tyrion #lanister;"734702489480531968";https://twitter.com/Nattie_Pavlova/status/734702489480531968
;2016-05-23 04:07;0;0;"Gotta say, a responsible Tyrion Lanister is kinda boring...";;;;"734566494907080705";https://twitter.com/JaysFromCouch/status/734566494907080705
;2016-05-23 01:58;0;0;"Tyrion Lanister was right, i love you, i have always love you";;;;"734534049214107649";https://twitter.com/teachawill/status/734534049214107649
;2016-05-22 22:43;0;0;"A wise man once said: The true history of the world is the history of great conversations in elegant rooms. - Tyrion Lanister #GOTS06E03";;;#GOTS06E03;"734484884178272257";https://twitter.com/vanderbash/status/734484884178272257
;2016-05-22 22:13;2;2;"yes will post the link. Here is a pic from #GoT suite and the Lanister jacket pic.twitter.com/SyueegJAok";;;#GoT;"734477200217411584";https://twitter.com/the_real_coach/status/734477200217411584
;2016-05-22 20:36;0;1;"à la fin Tyrion Lanister meurt... Oh wait...";;;;"734452938098237440";https://twitter.com/BadWolf1901_/status/734452938098237440
;2016-05-22 16:37;0;0;"tyrion lanister cristina yang alex vause https:// twitter.com/thewsrock/stat us/734392241356214272 …";;;;"734392756420915200";https://twitter.com/leviosansa/status/734392756420915200
;2016-05-22 15:48;0;0;"ang talino talaga ni tyrion Lanister";;;;"734380318212247553";https://twitter.com/janalovespooh/status/734380318212247553
;2016-05-22 05:35;0;0;"Once you’ve accepted your flaws, no one can use them against you. - tyrion lanister";;;;"734226076688228357";https://twitter.com/deneb_revilla/status/734226076688228357
;2016-05-22 02:18;0;0;"Tyrion Lanister >";;;;"734176630931881984";https://twitter.com/quannnyyyyy/status/734176630931881984
;2016-05-22 00:45;0;1;"Ese día cuando Tyrion Lanister te pide una foto #MasGamers @Jockey Club del Perú https://www. instagram.com/p/BFr8DLus_A4/";;@Jockey;#MasGamers;"734153127155228672";https://twitter.com/pchujoy/status/734153127155228672
;2016-05-21 23:15;0;0;"Tyrion Lanister is a dragon?!?!";;;;"734130404714778624";https://twitter.com/shellimilling/status/734130404714778624
;2016-05-21 07:35;0;0;"Watching Game of Thrones, and the the coolest thing I've ever seen just happened: Giant green Wildfire explosion!! Tyrion Lanister is boss!";;;;"733893942446411781";https://twitter.com/kevinpeeee/status/733893942446411781
;2016-05-21 04:38;0;0;"Since when did Tyrion Lanister play for the Astros? #GoT pic.twitter.com/v9sLwXN2IW";;;#GoT;"733849318273093637";https://twitter.com/rickfoltz/status/733849318273093637
;2016-05-21 03:52;0;1;"@GoT_ Tyrion Seriously, Tyrion Lanister for president. Far better choice than the 2 so called candidates running currently.";;@GoT_;;"733837937314570240";https://twitter.com/mje0969/status/733837937314570240
;2016-05-21 01:14;0;1;"I hate each and every lanister except for Jamie and Tyrion .";;;;"733798125404626948";https://twitter.com/ThatAsianFUCK/status/733798125404626948
;2016-05-20 07:41;1;6;"Tyrion Lanister is the best one, no question";;;;"733533040236855296";https://twitter.com/mannyduhon/status/733533040236855296
;2016-05-20 05:19;0;0;"And I thought Tyrion was a big issue for the Starks. Every Lanister but Tyrion is a disgrace.";;;;"733497287675121664";https://twitter.com/brookii_bear/status/733497287675121664
;2016-05-19 20:32;0;0;".... @GameOfThrones @GoT_Cast #LOL #PeterDinklage #TyrionLanister #SpacePants https://www. facebook.com/DaenerysTargar yenTheQueen/videos/838803106231336/ …";;@GameOfThrones @GoT_Cast;#LOL #PeterDinklage #TyrionLanister #SpacePants;"733364642500726784";https://twitter.com/crinklecutchips/status/733364642500726784
;2016-05-19 18:44;0;4;""I drink and I know things" - Tyrion Lanister literally spelled out my purpose in life.";;;;"733337513700544513";https://twitter.com/CookasaurusFlex/status/733337513700544513
;2016-05-19 09:28;0;0;"Who next then for @Canelo ? Brook, Broner, Rigondeaux, Tyrion Lanister #Boxing";;@Canelo;#Boxing;"733197611428130816";https://twitter.com/AphidOverdo/status/733197611428130816
;2016-05-19 03:01;0;0;"Tyrion Lanister would've been a Bernie bro #GameofThrones";;;#GameofThrones;"733100241361219584";https://twitter.com/yung_nihilist/status/733100241361219584
;2016-05-19 02:03;0;1;"tyrion lanister always has something clever/hilarious to say and thats why he's everyones fave lanister";;;;"733085672387584001";https://twitter.com/im_livengood/status/733085672387584001
;2016-05-18 21:47;0;1;"estoy listo para votar a Tyrion Lanister . Los Lanister siempre pagan sus deudas.";;;;"733021240236113923";https://twitter.com/granzama/status/733021240236113923
;2016-05-18 15:05;8;13;"Si por lo menos Ottavis tuviera la performance de Tyrion Lanister ... pero ni eso... Mono titi de Xipolitakis nomas.. https:// twitter.com/drapignata/sta tus/732763491795247104 …";;;;"732920064308088832";https://twitter.com/Casarrubia/status/732920064308088832
;2016-05-18 11:26;0;1;"versión criolla de tyrion lanister";;;;"732864915556425728";https://twitter.com/Vintimiglia31/status/732864915556425728
;2016-05-18 01:34;0;0;"@ClayTravis Do you think Trump's new stance on North Korea was inspired by Tyrion Lanister ?";;@ClayTravis;;"732715895789735936";https://twitter.com/wtringer/status/732715895789735936
;2016-05-17 23:52;0;0;"tyrion lanister https:// twitter.com/akrvm/status/7 32637898953129985 …";;;;"732690400738201600";https://twitter.com/wilfried_OM/status/732690400738201600
;2016-05-17 23:24;0;2;"Je commence à apprécier de plus en plus le "gnome" tyrion Lanister ! Épisode 2 / saison 2 /";;;;"732683313375281152";https://twitter.com/GOTNewsFr/status/732683313375281152
;2016-05-17 22:33;0;2;"That's what I do, I drink and I know things. - Tyrion Lanister";;;;"732670355785932800";https://twitter.com/Hilarious_Champ/status/732670355785932800
;2016-05-17 21:22;0;2;"You look like her and tyrion lanister mixed. That's a complement. https:// twitter.com/caitlingoforth /status/731758944289333249 …";;;;"732652460615983104";https://twitter.com/YouJustGotMiked/status/732652460615983104
;2016-05-17 20:49;0;0;"Ned Stark Tyrion et Joffrey Lanister https:// twitter.com/akrvm/status/7 32643032332394496 …";;;;"732644247904604160";https://twitter.com/M2Gege/status/732644247904604160
;2016-05-17 19:25;0;0;"@SWPremiere A2)A . Tyrion lanister #GOT6TonightOnSWP";;@SWPremiere;#GOT6TonightOnSWP;"732623081735233536";https://twitter.com/SanaTokre/status/732623081735233536
;2016-05-17 19:11;0;0;"#GOT6TonightOnSWP Answer 2 is (a) Tyrion Lanister";;;#GOT6TonightOnSWP;"732619487288123392";https://twitter.com/nikhilmirror/status/732619487288123392
;2016-05-17 05:43;0;1;"Damn Tyrion . Bitch calm down I have more money lanister #GameofThrones";;;#GameofThrones;"732416226140422145";https://twitter.com/greekgodofhair/status/732416226140422145
;2016-05-17 02:49;0;0;"Here's @benthompson unintentionally describing Tyrion Lanister 's Slaver's Bay #GoT politics. @42:20 https:// overcast.fm/+BihmM3Ua4/42: 20 …";;@benthompson @42;#GoT;"732372335462731776";https://twitter.com/davidpots/status/732372335462731776
;2016-05-17 00:57;0;0;"I wonder what will #TyrionLanister do once his deal goes south and it will this is #GameofThrones #Karleese better hurry up and get back!";;;#TyrionLanister #GameofThrones #Karleese;"732344152785076224";https://twitter.com/damoncarter10/status/732344152785076224
;2016-05-16 22:26;0;0;"LANISTER , Tyrion .";;;;"732306231281483776";https://twitter.com/eirubinho/status/732306231281483776
;2016-05-16 21:19;1;0;"U dont need slaves to make money, there hasn't bin slaves in Westeros 4 100s of years and I grew up richer than all of u. - Tyrion Lanister .";;;;"732289400353239040";https://twitter.com/AimLEGEND_/status/732289400353239040
;2016-05-16 20:35;4;1;""We make peace with our enemies not our friends. " - Tyrion Lanister . #GoTSeason6";;;#GoTSeason6;"732278391899095040";https://twitter.com/Profesy/status/732278391899095040
;2016-05-16 19:12;11;44;"I say "fight me" an awful lot for someone that's only "just" slightly taller than Tyrion Lanister .";;;;"732257532899528704";https://twitter.com/Resi001/status/732257532899528704
;2016-05-16 15:37;0;0;"I'm apparently a queer mix of Peter baelish and tyrion lanister";;;;"732203218428628992";https://twitter.com/mrcocobassey/status/732203218428628992
;2016-05-16 12:14;0;0;"Se pasan de pendejos me levanto y leo "se murió el enano" pensé que había sido Tyrion Lanister , que puto susto #Margarito";;;#Margarito;"732152134284673024";https://twitter.com/ventrux/status/732152134284673024
;2016-05-16 09:43;0;1;"@HamillHimself Love the new icon. You look like Tyrion Lanister . #GoT";;@HamillHimself;#GoT;"732114316644638720";https://twitter.com/LSedig/status/732114316644638720
;2016-05-16 06:49;0;0;""Naveguemos la ola de la libertad, no nos hundamos en ella" TYRION LANISTER";;;;"732070507202420736";https://twitter.com/sebastianortizc/status/732070507202420736
;2016-05-16 03:50;0;2;"I can't watch Game of Thrones without wine. I blame Tyrion Lanister ....";;;;"732025439573532672";https://twitter.com/HiKneee/status/732025439573532672
;2016-05-16 03:22;0;0;"Tyrion Lanister servin Danny oh so well! Loyalties shift... Hand of King Jofferey to Hand of Kahalessi #GameofThrones #TeamDanereyes";;;#GameofThrones #TeamDanereyes;"732018456980291584";https://twitter.com/LaBellAPac/status/732018456980291584
;2016-05-16 03:22;3;10;"We make peace with our enemies not our friends. Tyrion lanister";;;;"732018352143667200";https://twitter.com/Ahmed_Z41/status/732018352143667200
;2016-05-16 03:18;0;0;"Tyrion Lanister --12 Days a Slave. #GameofThrones via @Zizpa";;@Zizpa;#GameofThrones;"732017227776577537";https://twitter.com/tlachtga/status/732017227776577537
;2016-05-15 14:52;0;0;"Tyrion Lanister . The only reason why I would even marry a dwarf! #GameofThrones";;;#GameofThrones;"731829575840354304";https://twitter.com/shindetejashree/status/731829575840354304
;2016-05-15 02:42;0;3;"La verdadera historia del mundo esta en las buenas conversaciones en buenos cuartos! - Tyrion Lanister";;;;"731645904890019840";https://twitter.com/BayronChb/status/731645904890019840
;2016-05-15 00:24;0;0;"Je suis sûr que tyrion est pas un lanister mais un tagarien";;;;"731611059778420736";https://twitter.com/citron_femme/status/731611059778420736
;2016-05-15 00:07;1;0;"Et Tyrion Lanister à l' #Eurovision ... pic.twitter.com/mi3OV11eNu";;;#Eurovision;"731606878183161857";https://twitter.com/GorbenDallas/status/731606878183161857
;2016-05-15 00:06;0;0;"That guy looks like the perfect mix of Theon Greyjoy and Tyrion Lanister #LAT #Eurovision";;;#LAT #Eurovision;"731606626692698113";https://twitter.com/unknownVS13/status/731606626692698113
;2016-05-15 00:05;3;1;"Latvian Tyrion Lanister";;;;"731606447453147136";https://twitter.com/Blackwell/status/731606447453147136
;2016-05-14 12:27;0;0;"Se tiver que ter anão como ministro, que seja o Tyrion Lanister";;;;"731430736918683649";https://twitter.com/RCDequiqui/status/731430736918683649
;2016-05-14 07:19;0;0;"Tyrion is always right. #Tyrion #lanister #got @Westhill, Aberdeen, Scotland https://www. instagram.com/p/BFYCyHZssn4/";;@Westhill;#Tyrion #lanister #got;"731353182358540290";https://twitter.com/AeRo04/status/731353182358540290
;2016-05-14 06:35;0;1;"Tyrion Lanister is only one that could fit through the tunnel dartfrogger1 #TheCave";;;#TheCave;"731342100243980288";https://twitter.com/Betterduck/status/731342100243980288
;2016-05-13 23:57;0;0;"Si on compare les meilleures répliques Zlatan à celles de Tyrion Lanister de Game of thrones, ça fini en match nul https:// twitter.com/afpfr/status/7 31240372173574144 …";;;;"731242023194402816";https://twitter.com/jlastaar/status/731242023194402816
;2016-05-13 18:42;0;0;"do your own make we see...I'm sure na Tyrion Lanister dem go give you. Danku jatijati oshi!";;;;"731162761682636800";https://twitter.com/KLAZEMATICS/status/731162761682636800
;2016-05-13 18:38;0;2;"Tyrion Lanister 's conversation. Reminds me of my life.";;;;"731161805448466433";https://twitter.com/SaGaMuk/status/731161805448466433
;2016-05-13 17:06;0;1;"#gameofthronesfamily #gotmemes #jonsnow #jonsnowknowsnothing #tyrionlanister #dany #daenerystargaryen #daenerys … pic.twitter.com/Jnwfx3BqyJ";;;#gameofthronesfamily #gotmemes #jonsnow #jonsnowknowsnothing #tyrionlanister #dany #daenerystargaryen #daenerys;"731138650960998400";https://twitter.com/jonsnowyy/status/731138650960998400
;2016-05-13 15:41;1;4;"Tyrion Lanister";;;;"731117119262187527";https://twitter.com/Captmattrtrhead/status/731117119262187527
;2016-05-13 15:34;0;1;"Tyrion Lanister , Jon Snow and Daenerys Targaryen are all Targaryens. They'll form an alliance that will fight the white walker invasion";;;;"731115314637905920";https://twitter.com/Mwangala_/status/731115314637905920
;2016-05-13 06:16;0;0;"o tyrion é lanister e a nois gosta dele, e o Jamie tu vai passar a simpatizar com ele";;;;"730975025524662273";https://twitter.com/Yannklm/status/730975025524662273
;2016-05-13 06:06;0;0;"@joerogan "a true history of the world is a history of great conversations" - Tyrion Lanister";;@joerogan;;"730972385369673729";https://twitter.com/leigh_justin/status/730972385369673729
;2016-05-13 00:52;0;0;"Played it twice and I was Tyrion lanister and Ned stark. Means I'm still a decent Human being afterall";;;;"730893476129296384";https://twitter.com/Jxnes__/status/730893476129296384
;2016-05-13 00:50;2;6;"Feliz cumpleaños @NanoResta !!! La estrella de Game Of Throne en @DuendesRC Pero como? No es Tyrion Lanister ????";;@NanoResta @DuendesRC;;"730892850553032706";https://twitter.com/osvalDRC/status/730892850553032706
;2016-05-13 00:15;0;0;"Tyrion es el unico Lanister que me cae bien.";;;;"730884060223025154";https://twitter.com/GayBitch787/status/730884060223025154
;2016-05-12 23:39;0;0;"Its wat i do, i drink nd i knw things - Tyrion Lanister";;;;"730875065651363841";https://twitter.com/kaynout/status/730875065651363841
;2016-05-12 23:05;0;0;"She need tyrion lanister by her side fr sure. https:// twitter.com/saalikhushi/st atus/730860305878765569 …";;;;"730866476949725184";https://twitter.com/Dictator_wa/status/730866476949725184
;2016-05-12 17:14;0;0;"Jones Snow Stark. Tyrion Lanister . Bérénice Tagaryen et les 3 dragons";;;;"730778152537079812";https://twitter.com/PineDeNourNours/status/730778152537079812
;2016-05-12 08:50;1;0;"Tyrion Lanister #gameofthrones";;;#gameofthrones;"730651299843309568";https://twitter.com/XFilesFanaticus/status/730651299843309568
;2016-05-12 06:57;0;1;"Since I can't pronounce Tyrion Lannister's name I decided to name him "Bona Lanister " for obvious reasons! #GameOfThrones #GOT";;;#GameOfThrones #GOT;"730622986131247104";https://twitter.com/TERIMAAKIJACK/status/730622986131247104
;2016-05-12 04:58;0;0;"Diary of a Impy Kid (aka the autobiography of Tyrion Lanister as a young man) #RemoveALetterSpoilABook";;;#RemoveALetterSpoilABook;"730593066558443520";https://twitter.com/super_mallory/status/730593066558443520
;2016-05-11 22:08;0;0;"@ClaraAlcolado pues Tyrion Lanister lo dijo...";;@ClaraAlcolado;;"730489680031039488";https://twitter.com/gonzalo_sh9/status/730489680031039488
;2016-05-11 11:47;0;1;"#graotron #gamesofthrones #cersei #jonsnow #arya #tyrion #lanister #serial #szóstysezon #uwielbiam by pati.pl pic.twitter.com/eGP63rF09H";;;#graotron #gamesofthrones #cersei #jonsnow #arya #tyrion #lanister #serial #sz #uwielbiam;"730333527963783168";https://twitter.com/jonsnowyy/status/730333527963783168
;2016-05-11 09:54;0;0;"Me salió Tyrion lanister y uds ? http:// fb.me/72cCmhd1E";;;;"730305111264743424";https://twitter.com/KenIsStrange/status/730305111264743424
;2016-05-11 04:23;0;0;"Tyrion lanister https:// twitter.com/WouldYouGOT/st atus/730023910255820802 …";;;;"730221793982726144";https://twitter.com/That1SaltyBitch/status/730221793982726144
;2016-05-11 02:46;0;2;"Want a Tyrion Lanister scar across my face too";;;;"730197274651963392";https://twitter.com/Kyle_PaulK/status/730197274651963392
;2016-05-11 00:00;2;1;"Tyrion Lanister nos da consejos para alcanzar nuestros sueños. Puedes leerlos aquí http:// nubr.co/GbwhXg";;;;"730155510079492097";https://twitter.com/floridauni/status/730155510079492097
;2016-05-10 23:45;0;1;"@ulfhednar96 Tyrion Lanister muere.";;@ulfhednar96;;"730151798267334656";https://twitter.com/MariquenaDJ/status/730151798267334656
;2016-05-10 21:05;7;17;""I drink and I know things." - Tyrion Lanister This speaks to me on a spiritual level.";;;;"730111612636561408";https://twitter.com/RebelCatholic/status/730111612636561408
;2016-05-10 20:07;1;0;"Tyrion Lanister : I am god of tits and wine Arvind Kejriwal: I am god of bhasad and chutiyappa #ArvindKejriwal";;;#ArvindKejriwal;"730097056220467201";https://twitter.com/tws___/status/730097056220467201
;2016-05-10 19:01;16;23;"Faut avouer que Tyrion Lanister va beaucoup moins bien dans le livre... http:// buff.ly/1YhWKg5";;;;"730080306141745153";https://twitter.com/HappiesFr/status/730080306141745153
;2016-05-10 04:40;0;1;"This Guy. #paneloids #got #gameofthrones #tyrion #lanister #wine #songsoffireandice #jonsnow #wines #hbo #tv #quote … pic.twitter.com/UtC2iuC7bu";;;#paneloids #got #gameofthrones #tyrion #lanister #wine #songsoffireandice #jonsnow #wines #hbo #tv #quote;"729863587716575232";https://twitter.com/jonsnowyy/status/729863587716575232
;2016-05-10 00:40;0;2;""A wise man once said a true history of the word, is a history of great conversations in elegant rooms"- wise words from Tyrion Lanister";;;;"729803316591464448";https://twitter.com/IziOmoziku/status/729803316591464448
;2016-05-09 23:15;1;0;"Olololo j'suis choqué la Khalesi elle se transforme en Dragon !!! Et Tyrion Lanister dévien le roi de Mereen";;;;"729781954443366400";https://twitter.com/IziDjims/status/729781954443366400
;2016-05-09 22:08;0;0;"viendo juego de tronos, cada vez pienso de manera más certera que Tyrion Lanister es el mejor personaje de la serie, fan total";;;;"729765127008854016";https://twitter.com/AceaPablo/status/729765127008854016
;2016-05-09 21:51;0;2;"Tyrion Lanister boit et il apprend des choses, en fait c'est juste un étudiant mdr";;;;"729760651745308673";https://twitter.com/Stefan_Zigic/status/729760651745308673
;2016-05-09 20:15;0;0;"J'suis un peu comme Tyrion Lanister , je bois, je parle et je sais des choses";;;;"729736621117972481";https://twitter.com/An_Kml/status/729736621117972481
;2016-05-09 20:06;0;1;"@horacio_ve son patéticos los 2,es como que te faje tyrion lanister";;@horacio_ve;;"729734226422206464";https://twitter.com/GonzaLopezM77/status/729734226422206464
;2016-05-09 17:27;0;0;"Still steaming a bit over #gamesofthrones from last night. But it's all good. I have SO many theories. R+L=J Tyrion not really a Lanister ?";;;#gamesofthrones;"729694182785212417";https://twitter.com/PurpleDraconis9/status/729694182785212417
;2016-05-09 14:17;0;0;"@thronecast can we find out what Joanna Lanister 's maiden name is? Just to put these rumours that Tyrion is a Targaryian to bed";;@thronecast;;"729646477132349440";https://twitter.com/mattykebab/status/729646477132349440
;2016-05-09 11:02;1;1;"Tyrion Lanister is the most Talented Individual in his family yer Tywin was to blind and stupid to see it.";;;;"729597324054437888";https://twitter.com/timid_gAlvatron/status/729597324054437888
;2016-05-09 08:30;0;0;"Looks like Tyrion Lanister . https:// twitter.com/OMGFacts/statu s/729552771867922433 …";;;;"729559248292569088";https://twitter.com/JokerApart/status/729559248292569088
;2016-05-09 07:12;1;1;"@zanatealbino mejor amigo el tyrion lanister , sexo con la dragona y matara a cersei";;@zanatealbino;;"729539545969004545";https://twitter.com/iWill_Sv/status/729539545969004545
;2016-05-09 05:25;1;0;"@realDonaldTrump Tyrion Lanister for VP. If you need anymore solid advice hit me up son. #civicrepublicanism pic.twitter.com/w4fLcdDIhz";;@realDonaldTrump;#civicrepublicanism;"729512527655211008";https://twitter.com/DrewKnutton/status/729512527655211008
;2016-05-09 04:07;0;0;"So John Snow and Tyrion Lanister are actually Targaryen #got #GameofThrones";;;#got #GameofThrones;"729493031984967680";https://twitter.com/FranksReuben/status/729493031984967680
;2016-05-09 03:41;0;1;"How do I set my Facebook status to be in a relationship with Tyrion Lanister please help";;;;"729486452392923136";https://twitter.com/LaurelOutLoud/status/729486452392923136
;2016-05-09 03:27;0;0;"Tyrion looking like a lil Lanister lion";;;;"729482883807752192";https://twitter.com/FoxxiBee/status/729482883807752192
;2016-05-09 01:17;0;1;"@JackAllTimeLow tyrion lanister drinks even more";;@JackAllTimeLow;;"729450204487897089";https://twitter.com/RIDEACOUSTlC/status/729450204487897089
;2016-05-09 00:32;1;5;""That is what I do, I drink and I know things."- Tyrion Lanister";;;;"729438762183200768";https://twitter.com/myboypaul/status/729438762183200768
;2016-05-08 21:12;0;0;"Todo el mundo hablo de Jon, que esta perfecto. Pero que groso que fue Tyrion con los dragones. El Lanister mas copado!!";;;;"729388565600342018";https://twitter.com/clarisalvucci/status/729388565600342018
;2016-05-08 17:10;2;4;"Mi candidato a Presidente de gobierno: Tyrion Lanister .";;;;"729327624380678146";https://twitter.com/granzama/status/729327624380678146
;2016-05-08 11:53;0;0;"Tyrion Lanister c'est des barres ce mec";;;;"729247819182309376";https://twitter.com/skanorak/status/729247819182309376
;2016-05-08 05:38;0;0;"@Danielavglz sounds fine I prefer little Tyrion lanister";;@Danielavglz;;"729153571820703744";https://twitter.com/Ri4LONSSO/status/729153571820703744
;2016-05-08 04:47;0;0;""Ver a tu vicioso bastardo morir me dio más alivio que mil putas mentirosas". La mejor escena de Tyrion Lanister .";;;;"729140585655877632";https://twitter.com/mari_cieloo/status/729140585655877632
;2016-05-08 03:41;0;0;"Bruh I've got maad love for tyrion lanister ....the ending to season 4 was ruddy brilliant!";;;;"729124143942217728";https://twitter.com/HIMtheSAGE/status/729124143942217728
;2016-05-07 22:55;0;1;"Ahora cualquier pendejo parafrasea a Tyrion Lanister con lo de "bebo y se cosas" pa justificar la vagancia";;;;"729052127264444416";https://twitter.com/alipios/status/729052127264444416
;2016-05-07 21:24;0;0;"I am obsessed with Tyrion Lanister";;;;"729029037583118336";https://twitter.com/Jayney62/status/729029037583118336
;2016-05-07 20:03;0;1;"Jamie Vardy y Tyrion Lanister son la prueba de que los borrachos somos más útiles de lo que se cree.";;;;"729008831355817985";https://twitter.com/MiquelAndHP/status/729008831355817985
;2016-05-07 05:18;0;1;""No te comas a los que te ayudan". Tyrion (domador de dragones Lanister . La sabiduría esta en las frases más simples. #gamesofthrones";;;#gamesofthrones;"728785960654135297";https://twitter.com/cynthitolgc/status/728785960654135297
;2016-05-07 03:34;0;0;"Tyrion Lanister has a dragon his size. #gameofthrones #tyrionlannister https://www. instagram.com/p/BFFnGLivcCS/";;;#gameofthrones #tyrionlannister;"728759992937914368";https://twitter.com/rosaliea29/status/728759992937914368
;2016-05-07 02:25;1;6;"Acabé la segunda temporada de #got y hasta ahora mi personaje favorito es Tyrion Lanister . Ese enanito es lo máximo.";;;#got;"728742592767242240";https://twitter.com/_rolita_/status/728742592767242240
;2016-05-06 19:15;0;0;"Tyrion lanister is the man in GOT s4e6 . He saved all life but stabbed by the very people that he saved and also his women . #GameofThrones";;;#GameofThrones;"728634341585080320";https://twitter.com/musgrphy/status/728634341585080320
;2016-05-06 18:14;1;5;"When @clairelivernois looked like Tyrion Lanister from Game of Thrones pic.twitter.com/P2SNJ2sScL";;@clairelivernois;;"728618835989893121";https://twitter.com/jay_mstar/status/728618835989893121
;2016-05-06 10:35;1;1;"@la_alejagc @RickyricardoL22 @marcos4cs @Psiquelda tyrion Lanister !";;@la_alejagc @RickyricardoL22 @marcos4cs @Psiquelda;;"728503386497286144";https://twitter.com/gfmontserrat/status/728503386497286144
;2016-05-06 03:11;0;1;"Tyrion lanister is so. Fucking. Annoying.";;;;"728391799153119232";https://twitter.com/migwhale/status/728391799153119232
;2016-05-05 22:26;0;0;"Echoing Tyrion Lanister , Sturridge can say, "I play, And I score goals".";;;;"728319897424400384";https://twitter.com/AmitRoy_ynwa/status/728319897424400384
;2016-05-05 20:06;0;0;"La bandera Targaryen tiene una dragon de tres cabezas [ Daenerys, Jon Snow y Tyrion Lanister ]";;;;"728284839795888129";https://twitter.com/SushiCarbonara/status/728284839795888129
;2016-05-05 17:55;0;0;"Culpo a @LeonKrauze de mi irremediable adicción a #GameofThrones . Y de mi profunda infatuación por Tyrion Lanister . Gracias!";;@LeonKrauze;#GameofThrones;"728251832099700736";https://twitter.com/CoriGlezA/status/728251832099700736
;2016-05-05 09:15;0;0;""That's what I do. I drink and know things", - Tyrion Lanister , Game of Thrones";;;;"728120877695442949";https://twitter.com/neintofive/status/728120877695442949
;2016-05-05 05:14;0;2;""I drink, and I know things." - Tyrion Lanister #GameofThrones";;;#GameofThrones;"728060299316703233";https://twitter.com/MidwinCharles/status/728060299316703233
;2016-05-05 04:02;0;0;"@chucholabruna targueryan me gusta elnpersonaje de la madre de dragones pero aaaaamo a tyrion de la caaa lanister";;@chucholabruna;;"728042031692533760";https://twitter.com/angelcaido180/status/728042031692533760
;2016-05-05 00:20;0;1;"@MurkySary @alejandroid80 y creo que nadie hahaha aunque de momento voy acertando teorías! XD ojito a Tyrion ¿ Lanister ?";;@MurkySary @alejandroid80;;"727986330937004032";https://twitter.com/McRiggins_APSC2/status/727986330937004032
;2016-05-04 23:42;0;0;"Tyrion Lanister 2016. Help make Westeros great again!";;;;"727976797984301056";https://twitter.com/ricardofairway/status/727976797984301056
;2016-05-04 22:52;0;1;"@HugoSinatora m'en tampone ! Tyrion est le seul lanister intéressant,ils le feront crever de vieillesse !";;@HugoSinatora;;"727964218390159360";https://twitter.com/Champirix/status/727964218390159360
;2016-05-04 21:56;0;1;"C tyrion Lanister wsh https:// twitter.com/ton_prxnce/sta tus/727946568779874305 …";;;;"727949991629750274";https://twitter.com/Mouna31991454/status/727949991629750274
;2016-05-04 20:55;0;0;"Notice how Drowned God got prime airplay during GOT? That's cuz RR Martin, Jon Snow, Tyrion Lanister all CW fans! http:// dontsaycursewords.bandcamp.com/track/sunk-rock";;;;"727934630196826113";https://twitter.com/CurseWordsBand/status/727934630196826113
;2016-05-04 20:32;0;1;"@milordthomas @harasldc @haraslahetraie @francegalop Tyrion Lanister";;@milordthomas @harasldc @haraslahetraie @francegalop;;"727928783760703489";https://twitter.com/Gilbert_74/status/727928783760703489
;2016-05-04 20:20;0;0;"#GameofThrones #TyrionLanister Evil Doll #iPhone4 Case #iPhonecase #iPhone check -> http:// buff.ly/1rm0yBS pic.twitter.com/CjvzavjRA1";;;#GameofThrones #TyrionLanister #iPhone4 #iPhonecase #iPhone;"727925834703622145";https://twitter.com/ThomasEldrin/status/727925834703622145
;2016-05-04 11:34;0;0;"kalau ikut bukunya GOT ni, banyak hint macam tyrion lanister and Jon snow ni sebenarnya Targaryen. dieorg boleh control naga jugak kot";;;;"727793502864560128";https://twitter.com/AriefShukry/status/727793502864560128
;2016-05-04 07:17;0;2;"Tyrion Lanister is my spirit animal pic.twitter.com/1KuL9AkqoT";;;;"727728814764265473";https://twitter.com/matenriquez/status/727728814764265473
;2016-05-04 05:57;1;0;"Tyrion Lanister il a grave gé-chan pic.twitter.com/Mzz2aTfS4X";;;;"727708595853365248";https://twitter.com/mrcywil/status/727708595853365248
;2016-05-04 05:23;0;1;"That's what I do, I drink, and I know things ~ Tyrion Lanister";;;;"727700240963244032";https://twitter.com/arkanciscan/status/727700240963244032
;2016-05-04 03:29;0;0;"Tyrion Lanister dragon whisperer . Those pins would probably be a lot harder to remove than depicted #got";;;#got;"727671538883891200";https://twitter.com/stonerotamus/status/727671538883891200
;2016-05-04 03:28;0;0;"I Peter Dinklage aka Tyrion Lanister ! @gameofthrones #GoT";;@gameofthrones;#GoT;"727671309103149056";https://twitter.com/HiYelaGurl/status/727671309103149056
;2016-05-04 01:44;0;1;"@RaoufEntamene et puis plusieurs fois Tywin Lanister a dit à Tyrion qu'il n'était pas son fils";;@RaoufEntamene;;"727644911063937024";https://twitter.com/El_gringo91/status/727644911063937024
;2016-05-04 00:57;0;0;"@StephenAmell it HAS to end with Tyrion Lanister or Jon Snow.. Ramsay is white walker target practice!";;@StephenAmell;;"727633097060032512";https://twitter.com/Xtreme800/status/727633097060032512
;2016-05-03 22:05;0;0;"Si esa familia fueran los Lanister , todos los que mencionas serian el enano Tyrion ... https:// twitter.com/monvalpa/statu s/727581168955199488 …";;;;"727589805144576004";https://twitter.com/jcano88184/status/727589805144576004
;2016-05-03 21:29;0;0;""Next time I have an idea like that, punch me in the face." Tyrion Lanister . #gameofthrones #GOT #hegetsthebestlines #allinonescene";;;#gameofthrones #GOT #hegetsthebestlines #allinonescene;"727580949312057344";https://twitter.com/roxip/status/727580949312057344
;2016-05-03 21:28;0;0;""I'm here to help. Don't eat the help" Tyrion Lanister . #gameofthrones #GOT #hegetsthebestlines";;;#gameofthrones #GOT #hegetsthebestlines;"727580499238064128";https://twitter.com/roxip/status/727580499238064128
;2016-05-03 19:23;0;0;""DON'T EAT THE HELP" - Tyrion Lanister . Quote of the century.";;;;"727549206597001216";https://twitter.com/AmitRoy_ynwa/status/727549206597001216
;2016-05-03 17:06;0;3;"Unleash the dragons! @GoT_ Tyrion @GameOfThrones #GameofThrones #dragons #Tyrion #lanister pic.twitter.com/qbkbY6YsmU";;@GoT_ @GameOfThrones;#GameofThrones #dragons #Tyrion #lanister;"727514707490398208";https://twitter.com/twiggypopclaudy/status/727514707490398208
;2016-05-03 14:50;1;3;"Tyrion Lanister je najveći brat' na svijet";;;;"727480330974822400";https://twitter.com/kssznms/status/727480330974822400
;2016-05-03 14:43;1;4;"I have a new motto, courtesy of Tyrion Lanister : "I drink, and I know things." #GameofThrones";;;#GameofThrones;"727478584105951232";https://twitter.com/em_john/status/727478584105951232
;2016-05-03 13:41;0;1;"U moru baja, hocu da budem Tyrion Lanister .";;;;"727462965440552960";https://twitter.com/DrJevremovic/status/727462965440552960
;2016-05-03 04:31;0;0;"#Conspiracion #GOTO El Tyrion Lanister es un Targaryan o no podría juguetear así con los dragones.";;;#Conspiracion #GOTO;"727324756542914560";https://twitter.com/AF1825/status/727324756542914560
;2016-05-03 03:27;0;3;"@Chuckles152 Tyrion Lanister ...obviously";;@Chuckles152;;"727308554877689856";https://twitter.com/Tina4for4_/status/727308554877689856
;2016-05-03 00:59;0;1;""That's what I do. I drink and I know things." - reason no.9876 that Tyrion Lanister is clearly me in the GOT universe. #GoT";;;#GoT;"727271206903238657";https://twitter.com/Ryan_Nehring/status/727271206903238657
;2016-05-02 23:38;0;0;"I don't believe tyrion is a lanister .";;;;"727250823965761537";https://twitter.com/J_Ncomanzi/status/727250823965761537
;2016-05-02 23:32;0;0;"Best quote! Love his character! #PleaseDontLetHimDie #bestepisode #TyrionLanister #GameOfThrones … https://www. instagram.com/p/BE64nQ0y_qu/";;;#PleaseDontLetHimDie #bestepisode #TyrionLanister #GameOfThrones;"727249432303951872";https://twitter.com/Corlea_Kloppers/status/727249432303951872
;2016-05-02 23:16;0;0;"@ChrissyCostanza it's tyrion lanister";;@ChrissyCostanza;;"727245384758792192";https://twitter.com/desperations/status/727245384758792192
;2016-05-02 22:22;0;0;"My face when Tyrion Lanister was walking into the dragons lair #GameofThrones #GoT pic.twitter.com/2Udp2ud1hm";;;#GameofThrones #GoT;"727231866059821062";https://twitter.com/ektap020/status/727231866059821062
;2016-05-02 21:58;0;1;"“I’m here to help. Don’t eat the help.” #TyrionLanister #GameofThrones";;;#TyrionLanister #GameofThrones;"727225809090564096";https://twitter.com/mahchamberlain/status/727225809090564096
;2016-05-02 21:52;0;2;"'That is what I do. I drink and I know things.' Tyrion Lanister #GameofThrones";;;#GameofThrones;"727224220778909696";https://twitter.com/Whyjay99/status/727224220778909696
;2016-05-02 21:37;0;1;"'If i had no cock I'd drink all the time' - Tyrion Lanister";;;;"727220513588842502";https://twitter.com/Selwynsaint/status/727220513588842502
;2016-05-02 21:03;0;1;"Fuck Jon Snow! In my next ilfe I want to be Tyrion Lanister !!! #GameofThrones @GoT_ Tyrion";;@GoT_;#GameofThrones;"727211816644833280";https://twitter.com/romancompany/status/727211816644833280
;2016-05-02 20:00;0;0;"#tyrionlannister #Tyrion #lanister #dragons #donteatthehelp #mehreen #episode2 #gameofthrones … https://www. instagram.com/p/BE6gXT_BvIJ/";;;#tyrionlannister #Tyrion #lanister #dragons #donteatthehelp #mehreen #episode2 #gameofthrones;"727196100155809793";https://twitter.com/DavidSchmo/status/727196100155809793
;2016-05-02 19:25;1;1;"En 9j Tyrion Lanister et Jon Snow sont dvnus mes gars surs";;;;"727187335612366848";https://twitter.com/ArnaudNdk/status/727187335612366848
;2016-05-02 18:46;0;0;"I am here to help....Dont eat the help!!! ~ Tyrion Lanister";;;;"727177422718668801";https://twitter.com/KaruneshVerma/status/727177422718668801
;2016-05-02 18:43;0;0;"@_jenniii666 @OnlineUzzy tyrion fucking lanister";;@_jenniii666 @OnlineUzzy;;"727176809930969089";https://twitter.com/Syedldn/status/727176809930969089
;2016-05-02 18:43;0;0;"Tyrion Lanister released the Daenerys Targaryen Dragrons, how courageous #GameofThrones";;;#GameofThrones;"727176709473243136";https://twitter.com/saxman_1/status/727176709473243136
;2016-05-02 17:39;0;0;"TYRION LANISTER will be like this when he is in INDIA via /r/funny http:// ift.tt/1pWPXMX";;;;"727160559884447744";https://twitter.com/bizlunchbox/status/727160559884447744
;2016-05-02 17:32;0;0;"TYRION LANISTER will be like this when he is in INDIA #funny #LOL pic.twitter.com/4oQ2IlhK0e";;;#funny #LOL;"727158859077423104";https://twitter.com/NaziJokes11/status/727158859077423104
;2016-05-02 17:09;0;0;"Tyrion Lanister , le nain de Games of thrones et le rappeur Sch on eu fils @TPMPofficiel @CamilleCombal pic.twitter.com/yqLLtPtzlA";;@TPMPofficiel @CamilleCombal;;"727152941069668353";https://twitter.com/IamRomeooo/status/727152941069668353
;2016-05-02 15:26;1;1;"@sararecio99 Soy la mujer de Tyrion Lanister";;@sararecio99;;"727127060221677568";https://twitter.com/IraDeIraia/status/727127060221677568
;2016-05-02 14:05;0;0;"How do you know such things? "I drink. And I know things. It's what I do." Tyrion Lanister ...quoting me to Mr Point Five";;;;"727106849741393921";https://twitter.com/TP5K/status/727106849741393921
;2016-05-02 12:56;0;0;"@Julinanni Aegon + J...mama Lanister = Tyrion";;@Julinanni;;"727089367022485506";https://twitter.com/SashaFloresta/status/727089367022485506
;2016-05-02 10:03;0;0;"What if I told you Tyrion Lanister , the imp will die this season @Oskyno";;@Oskyno;;"727045896790220800";https://twitter.com/nanapokuaa/status/727045896790220800
;2016-05-02 07:55;0;1;""I'm here to help, don't eat the help." - Tyrion Lanister Best line of the season. #GameofThrones";;;#GameofThrones;"727013740198023168";https://twitter.com/thatguysoto/status/727013740198023168
;2016-05-02 06:08;0;0;"Tyrion #Lanister is too brave to come inside that place and to talk to the #dragons , I love that little man #GameofThrones";;;#Lanister #dragons #GameofThrones;"726986600060735488";https://twitter.com/joselo1490/status/726986600060735488
;2016-05-02 06:03;0;2;"Tyrion Lanister is my spirit animal. #GameOfThrones pic.twitter.com/xynwtf0Ind";;;#GameOfThrones;"726985348312494080";https://twitter.com/derekduncan85/status/726985348312494080
;2016-05-02 05:46;0;0;"dont eat the help - tyrion lanister";;;;"726981062715265025";https://twitter.com/NawinNaNa/status/726981062715265025
;2016-05-02 05:28;0;0;""Quando eu tiver uma outra ideia como essa, por favor, me dê um soco na cara" Lanister , Tyrion";;;;"726976673594392576";https://twitter.com/wellingtonjrt/status/726976673594392576
;2016-05-02 05:01;0;1;""It's what I do. I drink. And I know things." - #TyrionLanister #GameofThrones #alwayshasbestlines #JonSnowLives https:// twitter.com/dschwartze1/st atus/726967587116982272 …";;;#TyrionLanister #GameofThrones #alwayshasbestlines #JonSnowLives;"726969830163632129";https://twitter.com/labtoad/status/726969830163632129
;2016-05-02 04:47;0;0;"A mae do tyrion era joanna lanister @GoThronesBrazil";;@GoThronesBrazil;;"726966263688339456";https://twitter.com/maressa_birro/status/726966263688339456
;2016-05-02 04:43;0;0;""That's what I do: I drink, and I know things." – Tyrion Lanister #GameofThrones #metoobuddy";;;#GameofThrones #metoobuddy;"726965372629487616";https://twitter.com/staciemichelle/status/726965372629487616
;2016-05-02 04:29;0;0;"@julianov14 @moniquepradd o anão é muito foda!! Gosto muito dele. Tyrion Lanister";;@julianov14 @moniquepradd;;"726961807668162561";https://twitter.com/Vifoureaux13/status/726961807668162561
;2016-05-02 04:22;0;0;"I drink and I know things. - #Tyrion Lanister #GameofThrones";;;#Tyrion #GameofThrones;"726960137550831616";https://twitter.com/TearsandLaughtr/status/726960137550831616
;2016-05-02 04:14;0;1;"Tyrion fucking Lanister ! #GameofThrones";;;#GameofThrones;"726958074016194565";https://twitter.com/OD_3/status/726958074016194565
;2016-05-02 04:08;0;0;"Tyrion lanister is such a lad. @got";;@got;;"726956565778014208";https://twitter.com/americkpamma/status/726956565778014208
;2016-05-02 04:02;4;12;"Bon je pense que : Daenerys TARGHARYEN , Tyrion LANISTER et John SNOW chevaucherons les trois dragons et reprendront le Trône de Fer. #GOT";;;#GOT;"726955026351046656";https://twitter.com/juju_kiito/status/726955026351046656
;2016-05-02 04:01;0;0;"Tyrion Lanister I LOVE YOU!!! #GoTSeason6";;;#GoTSeason6;"726954668878745600";https://twitter.com/GabyDuranA/status/726954668878745600
;2016-05-02 03:48;0;1;"#GameofThrones Tyrion Lanister , the dragon whisperer";;;#GameofThrones;"726951583574069250";https://twitter.com/ModicaGiunta/status/726951583574069250
;2016-05-02 03:42;0;0;"John Snow Dead Bastard Tyrion Lanister Short Bastard Ramsey Bolton Craziest Bastard #GameofThrones";;;#GameofThrones;"726949853666881537";https://twitter.com/walesbond/status/726949853666881537
;2016-05-02 03:37;1;13;"Tyrion Lanister , enano, Intrigante, parricida, alcoholico, perverso y domador. Lo máximo.";;;;"726948695489560576";https://twitter.com/rodvicuna/status/726948695489560576
;2016-05-02 03:35;0;1;"Feeling like a kindred spirit with Tyrian tonight. "I drink, and I know things. That is what I do." #GameOfThrones #TyrionLanister";;;#GameOfThrones #TyrionLanister;"726948204365770752";https://twitter.com/mtheide/status/726948204365770752
;2016-05-02 03:30;0;1;"Tyrion Lanister and Randy Marsh are my two favorite characters on tv #GameofThrones #southpark";;;#GameofThrones #southpark;"726946982007173121";https://twitter.com/AndrewOnTheAir/status/726946982007173121
;2016-05-02 03:30;0;0;"Tyrion Lanister has some balls #DemThrones";;;#DemThrones;"726946962105204736";https://twitter.com/Mr_Bky/status/726946962105204736
;2016-05-02 03:29;0;0;""Don't eat the help." - Tyrion Lanister .";;;;"726946711931871233";https://twitter.com/Emily_Nikole/status/726946711931871233
;2016-05-02 03:29;0;0;""Eu bebo e sei das coisas" - Lanister , Tyrion E DEPOIS AINDA PERGUNTAM PORQUE ESSE CARA É O MELHOR ANÃO DO MUNDO";;;;"726946708505133057";https://twitter.com/almeidalums/status/726946708505133057
;2016-05-02 03:29;1;3;""That's what I do. I drink and I know things." - Tyrion Lanister";;;;"726946658546802688";https://twitter.com/whatcani_tay/status/726946658546802688
;2016-05-02 03:28;5;5;"Tyrion Lanister em: como treinar seu dragão. #GameofThrones";;;#GameofThrones;"726946513990070274";https://twitter.com/lu_mdrs/status/726946513990070274
;2016-05-02 03:27;0;0;""Don't eat the help," - tyrion lanister #GameofThrones";;;#GameofThrones;"726946274264621057";https://twitter.com/styleskenobi/status/726946274264621057
;2016-05-02 03:26;0;1;""That's what I do: I drink, and I know things." - Tyrion Lanister #GameofThrones";;;#GameofThrones;"726946030311235584";https://twitter.com/KristiTaylor17/status/726946030311235584
;2016-05-02 03:21;1;0;"Smh it's still sad that Marcella got killed. She was the only Lanister I like besides Tyrion #GameOfThrones #GOT";;;#GameOfThrones #GOT;"726944592675889152";https://twitter.com/Wiild_Flower/status/726944592675889152
;2016-05-02 01:44;0;0;"Sansa et aria starck et tyrion lanister https:// twitter.com/darkobird/stat us/726890536452415488 …";;;;"726920183458238465";https://twitter.com/SuzannaaKilloow/status/726920183458238465
;2016-05-02 00:58;0;0;"Tyrion lanister aklını ejderhalarla bozdu. Amacı ejderhaları ele geçirip westeros igdaş'ı yerle bir etmek. Akıllı piç.";;;;"726908563336081410";https://twitter.com/fuatavnimartin/status/726908563336081410
;2016-05-01 20:57;2;0;"Le mal que doivent se donner les cadreurs quand ils filment une scène entre Tyrion Lanister et les autres + grands que lui #GameofThrones";;;#GameofThrones;"726847991211020288";https://twitter.com/salaudlumineux/status/726847991211020288
;2016-05-01 20:39;0;1;"Eu sonhei com o Tyrion Lanister kkkk que viagem";;;;"726843597371396097";https://twitter.com/petricck_/status/726843597371396097
;2016-05-01 11:52;0;0;"@GCl3ment mais Heu ! En tout cas je comprend que tu adore Tyrion Lanister :p";;@GCl3ment;;"726710881824968704";https://twitter.com/izazoee/status/726710881824968704
;2016-04-30 22:27;0;0;"@SerWhiteWalker plzz Dont do anything to my fav Tyrion lanister ...promise me...";;@SerWhiteWalker;;"726508371705249793";https://twitter.com/ThisIsTanxeel/status/726508371705249793
;2016-04-30 20:33;0;0;"tyrion lanister que meio home";;;;"726479577359462401";https://twitter.com/renatismo/status/726479577359462401
;2016-04-30 19:50;0;1;"#SábadosDeFiguras El gran?¿ Tyrion Lanister , cuidando siempre las financias de Plomo del artesano Julio miniaturas pic.twitter.com/IgTrTjZc6N";;;#S;"726468853128171520";https://twitter.com/carlitox_cruel/status/726468853128171520
;2016-04-30 01:52;0;0;"Tyrion Lanister é um dos melhores 2";;;;"726197483198623744";https://twitter.com/NannaUrbusines/status/726197483198623744
;2016-04-30 00:34;0;0;"Tyrion Lanister hein https:// twitter.com/NoName___777/s tatus/725400388250251265 …";;;;"726177878015094786";https://twitter.com/Anrita300/status/726177878015094786
;2016-04-29 18:15;0;0;"> Odias la actitud de todos los personajes de Robert Downey Jr. > Te gusta Tyrion Lanister Elige uno";;;;"726082418160099328";https://twitter.com/karvistico/status/726082418160099328
;2016-04-29 17:58;0;2;"@geokaren Is it a supreme irony that the most realistic candidate for president appears to be Tyrion Lanister as a write-in? #GameofThrones";;@geokaren;#GameofThrones;"726078159662125056";https://twitter.com/JonYungkans/status/726078159662125056
;2016-04-29 01:37;0;3;"Watching these four guys talk about football is like watching my wife trying to figure out the difference between Tyrion and Tywin Lanister";;;;"725831276779986944";https://twitter.com/HadensBiceps/status/725831276779986944
;2016-04-28 19:56;0;0;"BRAA! BRAA! I am Tyrion Lannister! Up in it, loving it, I bent your mother o'er the banister ! #Ham4Thrones pic.twitter.com/QUQ1F0VaSs";;;#Ham4Thrones;"725745473873567744";https://twitter.com/chloeordeath/status/725745473873567744
;2016-04-28 14:15;0;0;"@Oriss_Areg You sound like Tyrion lanister";;@Oriss_Areg;;"725659591569215488";https://twitter.com/Papizy/status/725659591569215488
;2016-04-28 12:00;0;2;"Die Jugendlichen nennen sich IMP (Internationale Menschenrechts Partei) und ich muss an Tyrion Lanister denken... #Zukunftstag #hnavolo";;;#Zukunftstag #hnavolo;"725625605635461120";https://twitter.com/dobrueck/status/725625605635461120
;2016-04-27 22:47;0;0;"@mOnstER_BeNgzz LA--Tywin Lanister :)) :)) @itsDwayneB Tyrion Lanister   https:// twitter.com/world_wide_wob /status/724276682819956736 …";;@mOnstER_BeNgzz @itsDwayneB;;"725426227792744449";https://twitter.com/dejiijagbemi/status/725426227792744449
;2016-04-27 18:50;1;0;"@Roman_RNS House Stark ride or die, they cant all die! #AyraStark #JonSnow #SansaStark #WinterIsHere & #Tyrell i also #TyrionLanister";;@Roman_RNS;#AyraStark #JonSnow #SansaStark #WinterIsHere #Tyrell #TyrionLanister;"725366486362152961";https://twitter.com/susanbr42259458/status/725366486362152961
;2016-04-27 18:41;0;0;"@NutAshes @Variety Tyrion Lanister :)";;@NutAshes @Variety;;"725364222545264640";https://twitter.com/PekitaSpeaking/status/725364222545264640
;2016-04-27 16:28;0;0;"@kingPdv @Kflyyx3 tyrion lanister dies";;@kingPdv @Kflyyx3;;"725330700652568578";https://twitter.com/OhCRAMps/status/725330700652568578
;2016-04-27 15:37;1;0;"Tyrion Lanister https:// twitter.com/MajorGodlove/s tatus/725311361035735043 …";;;;"725317882733838336";https://twitter.com/Gilbert_Remi/status/725317882733838336
;2016-04-27 15:10;0;2;"Citations de Tyrion Lanister : "Un Lanister paye tjrs ces dettes " "Je suis le Dieu des seins et du vin" "c'est nain porte quoi" #GOT";;;#GOT;"725311111386505220";https://twitter.com/RockFerry22/status/725311111386505220
;2016-04-26 22:48;1;1;"Tyrion Lanister defiende mejor los corners que el City #ChampionsLeague";;;#ChampionsLeague;"725064029669056512";https://twitter.com/OjolocoVictor/status/725064029669056512
;2016-04-26 21:09;0;1;"WORK IN PROGRESS: Painting of #PeterDinklage as #TyrionLanister View of Detail #GameofThrones #portrait #twitart pic.twitter.com/6cNe82xg1k";;;#PeterDinklage #TyrionLanister #GameofThrones #portrait #twitart;"725039183732064256";https://twitter.com/WillBargerArts/status/725039183732064256
;2016-04-26 17:39;0;0;"@disparamargot @YouTube excelente serie, mis personajes favoritos Tyrion Lanister y Daenerys Targerian";;@disparamargot @YouTube;;"724986195176882176";https://twitter.com/clausseven/status/724986195176882176
;2016-04-26 17:14;0;0;"Parthiv Patel is like Tyrion Lanister of #GameOfThrones Kam bade aur darshan chote #SRHvRPS";;;#GameOfThrones #SRHvRPS;"724980048978128896";https://twitter.com/ConHoonMain/status/724980048978128896
;2016-04-26 15:30;0;1;"@KyerLorenz anlaa.. challenge lang yun sa kanya, kc da best sya haha . mga lanister patayin na wag lang si tyrion";;@KyerLorenz;;"724953855482580992";https://twitter.com/Jubebe_Jubebe/status/724953855482580992
;2016-04-26 14:55;0;0;"@120Sports @MichaelKim120 Both Hornets & Heat took Game of Thrones Tyrion Lanister Appreciation Night a little too far! #MorningMeme";;@120Sports @MichaelKim120;#MorningMeme;"724945064175218688";https://twitter.com/MadAnter/status/724945064175218688
;2016-04-26 13:34;0;0;"@Luis_Endera cada vez más... Soy de la opinión de... Que haría Tyrion Lanister ??";;@Luis_Endera;;"724924526405017601";https://twitter.com/littleaprendiz/status/724924526405017601
;2016-04-26 11:19;0;0;"Jon Snow is dead ? J'attendais le retour de mon acteur préféré après Tyrion Lanister dans la serie GAME OF... http:// fb.me/7mCEsYf22";;;;"724890604975562752";https://twitter.com/OfficierTimouna/status/724890604975562752
;2016-04-26 05:10;0;0;"Tyrion Lanister #GameOfThrones pic.twitter.com/DtoKIiMtth";;;#GameOfThrones;"724797786877648896";https://twitter.com/LuisZoto_/status/724797786877648896
;2016-04-26 03:07;0;1;"And yea tyrion Lanister is also targaryen... He's mother had an affair with the. MAd king... No wonder he's dad hated him so much...";;;;"724766701196288000";https://twitter.com/ushamdd/status/724766701196288000
;2016-04-25 23:26;0;0;"Tyrion Lanister y lord Varis la araña serian del Psoe";;;;"724711194423115777";https://twitter.com/Sergio5269/status/724711194423115777
;2016-04-25 21:21;0;0;"@wanfariduddin halaah buat apa aku nak tgk yg hot hot. Hg hot lain macam hahaha. Kalau aku hot jamie lanister hahaha. Tyrion cerdik lagihaha";;@wanfariduddin;;"724679638501326848";https://twitter.com/fnadiahfikri/status/724679638501326848
;2016-04-25 20:01;0;0;"@TirnisCore Ton flou c'est de la merde On peut clairement lire Tyrion Lanister mais bon conaissant RR Martins on pouvait s'y attendre";;@TirnisCore;;"724659584032452609";https://twitter.com/Zengane_/status/724659584032452609
;2016-04-25 19:40;1;0;"Ils ont réduit le budget de #GameOfThrone . En tout cas, Tyrion Lanister a prit un coup dans la gueule. #GOT pic.twitter.com/Jw25DFKaxj";;;#GameOfThrone #GOT;"724654236831723520";https://twitter.com/GorbenDallas/status/724654236831723520
;2016-04-25 19:30;0;0;"@VICE Dinklage needs his own show. All Tyrion Lanister all fuckin day.";;@VICE;;"724651767301021697";https://twitter.com/i_obey_slim/status/724651767301021697
;2016-04-25 18:30;0;0;"@GuillaumeTC Ah pardon, mais Macron n'est pas à la hauteur d'un Tyrion Lanister !!";;@GuillaumeTC;;"724636641290268672";https://twitter.com/MathildeJapriso/status/724636641290268672
;2016-04-25 14:05;0;0;"@SWPremiere #GOT6onSWP i love got cos it has tyrion lanister";;@SWPremiere;#GOT6onSWP;"724570087668113409";https://twitter.com/ganslens/status/724570087668113409
;2016-04-25 14:04;0;0;"@cvergne got gameofthrones thrones tyrion Cersei jaime lanister sansa jonsnow";;@cvergne;;"724569869077766144";https://twitter.com/zratul/status/724569869077766144
;2016-04-25 08:09;0;0;"@hasanise @taci_kalkavan @kutupzencisi @littleiv3 @raninimanini Diyolar ki #tyrionlanister 180 olmus dogru mu ?";;@hasanise @taci_kalkavan @kutupzencisi @littleiv3 @raninimanini;#tyrionlanister;"724480543535058945";https://twitter.com/OzanCILI/status/724480543535058945
;2016-04-25 06:38;0;1;"@Dallasgriffin Fck the Lanister 's except Tyrion";;@Dallasgriffin;;"724457501458993152";https://twitter.com/IvanFuen_/status/724457501458993152
;2016-04-25 05:45;0;0;"Finally wih the Dead slow FUP! Jai Tyrion Lanister Kachiguda youth — watching Game of Thrones (season 6)";;;;"724444268517945344";https://twitter.com/satyajithpinku/status/724444268517945344
;2016-04-25 05:30;1;2;"@DavisZone 1. Ayra 2. Sam 3. Daenerys Targarian 4. Jhon Snow 5. Tyrion Lanister";;@DavisZone;;"724440309271134208";https://twitter.com/MojicaShirley/status/724440309271134208
;2016-04-25 05:04;0;0;"@OlivaRocioB si te gusta más valar morghulis ambos son el lema de la serie , a esta altura no me extraña que lo maten tyrion lanister";;@OlivaRocioB;;"724433860616962048";https://twitter.com/datafoxsn/status/724433860616962048
;2016-04-25 04:54;0;0;"so passei pra deixar claro que o tyrion lanister me representa";;;;"724431298589253632";https://twitter.com/guilhermmef/status/724431298589253632
;2016-04-25 04:18;2;1;"@DavisZone 1 Jamie Lanister 2 Arya Stark 3 Tyrion lanister 4 Danaerys Targaryan 5 Jon Snow";;@DavisZone;;"724422401308545024";https://twitter.com/alinatror30/status/724422401308545024
;2016-04-25 03:40;0;1;"Was Tyrion Lanister in Ancient Detroit just now";;;;"724412738626310144";https://twitter.com/M_Brawl/status/724412738626310144
;2016-04-25 03:40;0;0;"Tyrion Lanister rei. #GameofThrones";;;#GameofThrones;"724412707521306624";https://twitter.com/stansfla7/status/724412707521306624
;2016-04-25 03:37;0;0;"Tyrion Lanister";;;;"724411878567481344";https://twitter.com/Denno876er/status/724411878567481344
;2016-04-25 03:04;0;0;"I am the greatest Lanister killer of all time ~ Tyrion Lanister #GameofThrones";;;#GameofThrones;"724403553826009088";https://twitter.com/GraceMahoney26/status/724403553826009088
;2016-04-25 02:58;0;0;"Stay alive tyrion lanister #GameofThrones";;;#GameofThrones;"724402185933578240";https://twitter.com/AndreChiappini/status/724402185933578240
;2016-04-25 02:04;0;0;"It is almost time! #winteriscoming #gameofthrones #got #premiere @hbo #lanister #tyrion … https://www. instagram.com/p/BEmjrMOCK-t/";;@hbo;#winteriscoming #gameofthrones #got #premiere #lanister #tyrion;"724388633554329602";https://twitter.com/Andr3wSal3/status/724388633554329602
;2016-04-25 01:15;0;4;""That's what I do. I drink. And I know things," - Tyrion Lanister IM SO PUMPED #GameofThrones";;;#GameofThrones;"724376146968731648";https://twitter.com/noodledelrey/status/724376146968731648
;2016-04-25 00:42;0;3;"Tyrion Lanister says, "No spoilers, people. That's just rude." #got #gameofthrones #art #tyrion … https://www. instagram.com/p/BEmaOozixPY/";;;#got #gameofthrones #art #tyrion;"724367860232032256";https://twitter.com/Matt_Busch/status/724367860232032256
;2016-04-24 23:26;0;0;"@Drewpotticus is that Tyrion Lanister next to Sam?";;@Drewpotticus;;"724348839595929600";https://twitter.com/mgrahamjr08/status/724348839595929600
;2016-04-24 23:11;0;2;"Mad love for Tyrion Lanister though";;;;"724344945847488512";https://twitter.com/HobbsieH/status/724344945847488512
;2016-04-24 23:06;0;0;"Tyrion Lanister is my dawg";;;;"724343863343763457";https://twitter.com/Kli_Tourist/status/724343863343763457
;2016-04-24 22:47;0;0;"weird how excited I am for game of thrones but I hope Jon snow is alive and that tyrion lanister and Jon are targaryen #GameofThrones";;;#GameofThrones;"724339076766269441";https://twitter.com/kynoch_3/status/724339076766269441
;2016-04-24 20:48;0;0;"Je viens de voir le sosie de Tyrion Lanister je suis choqué";;;;"724309153754275840";https://twitter.com/arrowblack08/status/724309153754275840
;2016-04-24 18:34;0;0;"Today i gt a date!! with my beloved Tyrion Lanister ! Yes #GOT premier season! Super excited! Meet u there!";;;#GOT;"724275405188800514";https://twitter.com/krusnik3/status/724275405188800514
;2016-04-24 18:25;0;0;"@MEXIV3RGAS se queja de la poca origalidad - va y pone una frase de tyrion lanister";;@MEXIV3RGAS;;"724273067682222080";https://twitter.com/RichiKenobi/status/724273067682222080
;2016-04-24 18:14;0;0;"OMG - THEY KILLED TYRION LANISTER — watching Game of Thrones";;;;"724270323542183938";https://twitter.com/LostBoyAli/status/724270323542183938
;2016-04-24 17:11;0;0;"@GoT_ Tyrion I'm siked... I have a date with Tyrion Lanister tonight. It's going to be hot! He's bound to be a bad influence.. can't wait.";;@GoT_;;"724254554922057728";https://twitter.com/teachva/status/724254554922057728
;2016-04-24 16:48;0;0;"#TyrionLanister #GameofThrones Fan Artist #SketchCard by #ConnieFaye http:// conniefaye.storenvy.com/products/16514 556-tyrion-lanister-game-of-thrones-fan-artist-sketch-card-by-connie-faye …";;;#TyrionLanister #GameofThrones #SketchCard #ConnieFaye;"724248529737289728";https://twitter.com/Connie_Faye/status/724248529737289728
;2016-04-24 16:38;0;0;"@TheKardiacKid first quarter, Tyrion Lanister , Jon Snow, and close it out with the 4th quarter.";;@TheKardiacKid;;"724246023296655361";https://twitter.com/TJK10PT4/status/724246023296655361
;2016-04-24 06:09;0;1;""That's what I do. I drink. And, I know things." ~ Tyrion Lanister #winetasting , #GameofThrones https:// twitter.com/wicnet/status/ 723162117172432896 …";;;#winetasting #GameofThrones;"724087850950623232";https://twitter.com/samscribes/status/724087850950623232